name,email,event,role,date,cert_id,verification_url
Sara Fernandez,sara.fernandez1@example.org,Global AI & Machine Learning Summit 2026,Workshop Mentor,"October 15, 2026",GEN-2026-0001,https://verify.certgen.io/view?id=GEN-2026-0001
Gabriel Jha,gabriel.jha2@example.org,Full-Stack Cloud Architecture Masterclass,Workshop Mentor,"September 22, 2026",GEN-2026-0002,https://verify.certgen.io/view?id=GEN-2026-0002
Tariq Wang,tariq.wang3@example.org,International Software Engineering Symposium,Participant,"November 08, 2026",GEN-2026-0003,https://verify.certgen.io/view?id=GEN-2026-0003
Maya Chen,maya.chen4@example.org,Global AI & Machine Learning Summit 2026,Participant,"September 22, 2026",GEN-2026-0004,https://verify.certgen.io/view?id=GEN-2026-0004
Fatima Rahman,fatima.rahman5@example.org,International Software Engineering Symposium,Participant,"November 08, 2026",GEN-2026-0005,https://verify.certgen.io/view?id=GEN-2026-0005
Emma Vargas,emma.vargas6@example.org,International Software Engineering Symposium,1st Place Winner,"September 22, 2026",GEN-2026-0006,https://verify.certgen.io/view?id=GEN-2026-0006
Mei Schneider,mei.schneider7@example.org,Data Science & Analytics Leadership Bootcamp,Technical Keynote Presenter,"September 22, 2026",GEN-2026-0007,https://verify.certgen.io/view?id=GEN-2026-0007
Zainab Zhang,zainab.zhang8@example.org,Full-Stack Cloud Architecture Masterclass,Workshop Mentor,"October 15, 2026",GEN-2026-0008,https://verify.certgen.io/view?id=GEN-2026-0008
Jasmine Kim,jasmine.kim9@example.org,Full-Stack Cloud Architecture Masterclass,Honors Graduate,"October 15, 2026",GEN-2026-0009,https://verify.certgen.io/view?id=GEN-2026-0009
Carlos Deshmukh,carlos.deshmukh10@example.org,Cybersecurity & Threat Intelligence Forum,Participant,"October 15, 2026",GEN-2026-0010,https://verify.certgen.io/view?id=GEN-2026-0010
Jin Sharma,jin.sharma11@example.org,Data Science & Analytics Leadership Bootcamp,Technical Keynote Presenter,"September 22, 2026",GEN-2026-0011,https://verify.certgen.io/view?id=GEN-2026-0011
William Patel,william.patel12@example.org,International Software Engineering Symposium,Participant,"October 15, 2026",GEN-2026-0012,https://verify.certgen.io/view?id=GEN-2026-0012
Benjamin Rossi,benjamin.rossi13@example.org,Data Science & Analytics Leadership Bootcamp,Technical Keynote Presenter,"November 08, 2026",GEN-2026-0013,https://verify.certgen.io/view?id=GEN-2026-0013
Samuel Martin,samuel.martin14@example.org,International Software Engineering Symposium,Honors Graduate,"November 08, 2026",GEN-2026-0014,https://verify.certgen.io/view?id=GEN-2026-0014
Ananya Chen,ananya.chen15@example.org,Full-Stack Cloud Architecture Masterclass,Technical Keynote Presenter,"October 15, 2026",GEN-2026-0015,https://verify.certgen.io/view?id=GEN-2026-0015
Benjamin Jha,benjamin.jha16@example.org,Global AI & Machine Learning Summit 2026,1st Place Winner,"October 15, 2026",GEN-2026-0016,https://verify.certgen.io/view?id=GEN-2026-0016
Michael Singh,michael.singh17@example.org,Data Science & Analytics Leadership Bootcamp,Honors Graduate,"October 15, 2026",GEN-2026-0017,https://verify.certgen.io/view?id=GEN-2026-0017
Jin Jackson,jin.jackson18@example.org,Data Science & Analytics Leadership Bootcamp,Workshop Mentor,"November 08, 2026",GEN-2026-0018,https://verify.certgen.io/view?id=GEN-2026-0018
Shreya Davis,shreya.davis19@example.org,International Software Engineering Symposium,Workshop Mentor,"September 22, 2026",GEN-2026-0019,https://verify.certgen.io/view?id=GEN-2026-0019
Olivia Verma,olivia.verma20@example.org,Full-Stack Cloud Architecture Masterclass,Honors Graduate,"October 15, 2026",GEN-2026-0020,https://verify.certgen.io/view?id=GEN-2026-0020
Kavya Kim,kavya.kim21@example.org,International Software Engineering Symposium,Honors Graduate,"November 08, 2026",GEN-2026-0021,https://verify.certgen.io/view?id=GEN-2026-0021
James Wilson,james.wilson22@example.org,Global AI & Machine Learning Summit 2026,Honors Graduate,"September 22, 2026",GEN-2026-0022,https://verify.certgen.io/view?id=GEN-2026-0022
Prof. Montgomery Lee,montgomery.lee23@example.org,Cybersecurity & Threat Intelligence Forum,Excellence in Leadership,"September 22, 2026",GEN-2026-0023,https://verify.certgen.io/view?id=GEN-2026-0023
Ethan Sato,ethan.sato24@example.org,Data Science & Analytics Leadership Bootcamp,Honors Graduate,"November 08, 2026",GEN-2026-0024,https://verify.certgen.io/view?id=GEN-2026-0024
Dr. Nathan Miller-Pembroke of Oxfordshire III,nathan.millerpembroke.of.oxfordshire.iii25@example.org,Cybersecurity & Threat Intelligence Forum,Honors Graduate,"October 15, 2026",GEN-2026-0025,https://verify.certgen.io/view?id=GEN-2026-0025
Daniel Johnson,daniel.johnson26@example.org,International Software Engineering Symposium,Distinguished Contributor,"October 15, 2026",GEN-2026-0026,https://verify.certgen.io/view?id=GEN-2026-0026
Yuki Schneider,yuki.schneider27@example.org,Cybersecurity & Threat Intelligence Forum,Distinguished Contributor,"October 15, 2026",GEN-2026-0027,https://verify.certgen.io/view?id=GEN-2026-0027
John Jha,john.jha28@example.org,Full-Stack Cloud Architecture Masterclass,Distinguished Contributor,"October 15, 2026",GEN-2026-0028,https://verify.certgen.io/view?id=GEN-2026-0028
Benjamin Williams,benjamin.williams29@example.org,Global AI & Machine Learning Summit 2026,Technical Keynote Presenter,"September 22, 2026",GEN-2026-0029,https://verify.certgen.io/view?id=GEN-2026-0029
David Singh,david.singh30@example.org,Full-Stack Cloud Architecture Masterclass,Technical Keynote Presenter,"November 08, 2026",GEN-2026-0030,https://verify.certgen.io/view?id=GEN-2026-0030
Maya Sharma,maya.sharma31@example.org,Global AI & Machine Learning Summit 2026,1st Place Winner,"October 15, 2026",GEN-2026-0031,https://verify.certgen.io/view?id=GEN-2026-0031
Samantha Patel,samantha.patel32@example.org,International Software Engineering Symposium,Excellence in Leadership,"November 08, 2026",GEN-2026-0032,https://verify.certgen.io/view?id=GEN-2026-0032
Aarav Taylor,aarav.taylor33@example.org,Global AI & Machine Learning Summit 2026,Workshop Mentor,"November 08, 2026",GEN-2026-0033,https://verify.certgen.io/view?id=GEN-2026-0033
Zainab Kim,zainab.kim34@example.org,Data Science & Analytics Leadership Bootcamp,Participant,"October 15, 2026",GEN-2026-0034,https://verify.certgen.io/view?id=GEN-2026-0034
Maya Hernandez,maya.hernandez35@example.org,Cybersecurity & Threat Intelligence Forum,Participant,"November 08, 2026",GEN-2026-0035,https://verify.certgen.io/view?id=GEN-2026-0035
William Kapoor,william.kapoor36@example.org,International Software Engineering Symposium,Technical Keynote Presenter,"September 22, 2026",GEN-2026-0036,https://verify.certgen.io/view?id=GEN-2026-0036
Neha Dubois,neha.dubois37@example.org,Data Science & Analytics Leadership Bootcamp,Technical Keynote Presenter,"November 08, 2026",GEN-2026-0037,https://verify.certgen.io/view?id=GEN-2026-0037
Neha Sharma,neha.sharma38@example.org,Full-Stack Cloud Architecture Masterclass,Honors Graduate,"October 15, 2026",GEN-2026-0038,https://verify.certgen.io/view?id=GEN-2026-0038
Zainab Hernandez,zainab.hernandez39@example.org,International Software Engineering Symposium,Technical Keynote Presenter,"November 08, 2026",GEN-2026-0039,https://verify.certgen.io/view?id=GEN-2026-0039
Aarav Sharma,aarav.sharma40@example.org,Data Science & Analytics Leadership Bootcamp,1st Place Winner,"September 22, 2026",GEN-2026-0040,https://verify.certgen.io/view?id=GEN-2026-0040
Chloe Martin,chloe.martin41@example.org,Data Science & Analytics Leadership Bootcamp,Honors Graduate,"September 22, 2026",GEN-2026-0041,https://verify.certgen.io/view?id=GEN-2026-0041
Gabriel Sato,gabriel.sato42@example.org,Global AI & Machine Learning Summit 2026,Participant,"November 08, 2026",GEN-2026-0042,https://verify.certgen.io/view?id=GEN-2026-0042
Nathan Montgomery-Fitzgerald-Smith,nathan.montgomeryfitzgeraldsmith43@example.org,Global AI & Machine Learning Summit 2026,Technical Keynote Presenter,"November 08, 2026",GEN-2026-0043,https://verify.certgen.io/view?id=GEN-2026-0043
Zoe Garcia,zoe.garcia44@example.org,Full-Stack Cloud Architecture Masterclass,Workshop Mentor,"October 15, 2026",GEN-2026-0044,https://verify.certgen.io/view?id=GEN-2026-0044
Priya Hernandez,priya.hernandez45@example.org,Data Science & Analytics Leadership Bootcamp,Distinguished Contributor,"November 08, 2026",GEN-2026-0045,https://verify.certgen.io/view?id=GEN-2026-0045
Maya Jackson,maya.jackson46@example.org,International Software Engineering Symposium,Technical Keynote Presenter,"November 08, 2026",GEN-2026-0046,https://verify.certgen.io/view?id=GEN-2026-0046
Thomas Ivanov,thomas.ivanov47@example.org,Data Science & Analytics Leadership Bootcamp,1st Place Winner,"November 08, 2026",GEN-2026-0047,https://verify.certgen.io/view?id=GEN-2026-0047
Shreya Martin,shreya.martin48@example.org,Cybersecurity & Threat Intelligence Forum,Distinguished Contributor,"October 15, 2026",GEN-2026-0048,https://verify.certgen.io/view?id=GEN-2026-0048
Chloe Johnson,chloe.johnson49@example.org,Full-Stack Cloud Architecture Masterclass,Participant,"October 15, 2026",GEN-2026-0049,https://verify.certgen.io/view?id=GEN-2026-0049
Dr. Aditi Schneider-Pembroke of Oxfordshire III,aditi.schneiderpembroke.of.oxfordshire.iii50@example.org,International Software Engineering Symposium,Honors Graduate,"November 08, 2026",GEN-2026-0050,https://verify.certgen.io/view?id=GEN-2026-0050
Fatima Anderson,fatima.anderson51@example.org,Global AI & Machine Learning Summit 2026,Workshop Mentor,"November 08, 2026",GEN-2026-0051,https://verify.certgen.io/view?id=GEN-2026-0051
Amara Jha,amara.jha52@example.org,Global AI & Machine Learning Summit 2026,Participant,"October 15, 2026",GEN-2026-0052,https://verify.certgen.io/view?id=GEN-2026-0052
Ananya Rahman,ananya.rahman53@example.org,Full-Stack Cloud Architecture Masterclass,Excellence in Leadership,"November 08, 2026",GEN-2026-0053,https://verify.certgen.io/view?id=GEN-2026-0053
Nathan Jackson,nathan.jackson54@example.org,International Software Engineering Symposium,Honors Graduate,"November 08, 2026",GEN-2026-0054,https://verify.certgen.io/view?id=GEN-2026-0054
Rahul Sato,rahul.sato55@example.org,Cybersecurity & Threat Intelligence Forum,Honors Graduate,"October 15, 2026",GEN-2026-0055,https://verify.certgen.io/view?id=GEN-2026-0055
Prof. Montgomery Mishra,montgomery.mishra56@example.org,Full-Stack Cloud Architecture Masterclass,Participant,"September 22, 2026",GEN-2026-0056,https://verify.certgen.io/view?id=GEN-2026-0056
Sophia Muller,sophia.muller57@example.org,Data Science & Analytics Leadership Bootcamp,1st Place Winner,"October 15, 2026",GEN-2026-0057,https://verify.certgen.io/view?id=GEN-2026-0057
Michael Verma,michael.verma58@example.org,Global AI & Machine Learning Summit 2026,Workshop Mentor,"November 08, 2026",GEN-2026-0058,https://verify.certgen.io/view?id=GEN-2026-0058
Shreya Dubois,shreya.dubois59@example.org,Global AI & Machine Learning Summit 2026,1st Place Winner,"November 08, 2026",GEN-2026-0059,https://verify.certgen.io/view?id=GEN-2026-0059
Jasmine Zhang,jasmine.zhang60@example.org,Global AI & Machine Learning Summit 2026,Honors Graduate,"September 22, 2026",GEN-2026-0060,https://verify.certgen.io/view?id=GEN-2026-0060
Emma Rodriguez,emma.rodriguez61@example.org,Cybersecurity & Threat Intelligence Forum,Honors Graduate,"October 15, 2026",GEN-2026-0061,https://verify.certgen.io/view?id=GEN-2026-0061
Elena Kim,elena.kim62@example.org,Cybersecurity & Threat Intelligence Forum,Honors Graduate,"September 22, 2026",GEN-2026-0062,https://verify.certgen.io/view?id=GEN-2026-0062
Mei Zhang,mei.zhang63@example.org,International Software Engineering Symposium,Participant,"September 22, 2026",GEN-2026-0063,https://verify.certgen.io/view?id=GEN-2026-0063
Shreya Rodriguez,shreya.rodriguez64@example.org,Global AI & Machine Learning Summit 2026,Participant,"September 22, 2026",GEN-2026-0064,https://verify.certgen.io/view?id=GEN-2026-0064
Divya Mishra,divya.mishra65@example.org,Cybersecurity & Threat Intelligence Forum,1st Place Winner,"September 22, 2026",GEN-2026-0065,https://verify.certgen.io/view?id=GEN-2026-0065
Liam Choudhury,liam.choudhury66@example.org,Full-Stack Cloud Architecture Masterclass,1st Place Winner,"September 22, 2026",GEN-2026-0066,https://verify.certgen.io/view?id=GEN-2026-0066
Kavya Kapoor,kavya.kapoor67@example.org,Cybersecurity & Threat Intelligence Forum,Excellence in Leadership,"October 15, 2026",GEN-2026-0067,https://verify.certgen.io/view?id=GEN-2026-0067
Thomas Verma,thomas.verma68@example.org,International Software Engineering Symposium,Workshop Mentor,"November 08, 2026",GEN-2026-0068,https://verify.certgen.io/view?id=GEN-2026-0068
Nathan Gupta,nathan.gupta69@example.org,Full-Stack Cloud Architecture Masterclass,Excellence in Leadership,"September 22, 2026",GEN-2026-0069,https://verify.certgen.io/view?id=GEN-2026-0069
Amara Schneider,amara.schneider70@example.org,International Software Engineering Symposium,Participant,"November 08, 2026",GEN-2026-0070,https://verify.certgen.io/view?id=GEN-2026-0070
James Choudhury,james.choudhury71@example.org,Global AI & Machine Learning Summit 2026,Distinguished Contributor,"October 15, 2026",GEN-2026-0071,https://verify.certgen.io/view?id=GEN-2026-0071
Neha Rao,neha.rao72@example.org,Full-Stack Cloud Architecture Masterclass,Participant,"November 08, 2026",GEN-2026-0072,https://verify.certgen.io/view?id=GEN-2026-0072
Benjamin Ibrahim,benjamin.ibrahim73@example.org,Global AI & Machine Learning Summit 2026,Distinguished Contributor,"September 22, 2026",GEN-2026-0073,https://verify.certgen.io/view?id=GEN-2026-0073
Tariq Johnson,tariq.johnson74@example.org,Cybersecurity & Threat Intelligence Forum,Participant,"November 08, 2026",GEN-2026-0074,https://verify.certgen.io/view?id=GEN-2026-0074
Dr. Gabriel Schneider-Pembroke of Oxfordshire III,gabriel.schneiderpembroke.of.oxfordshire.iii75@example.org,International Software Engineering Symposium,Participant,"November 08, 2026",GEN-2026-0075,https://verify.certgen.io/view?id=GEN-2026-0075
Benjamin Mishra,benjamin.mishra76@example.org,International Software Engineering Symposium,Distinguished Contributor,"November 08, 2026",GEN-2026-0076,https://verify.certgen.io/view?id=GEN-2026-0076
James Kapoor,james.kapoor77@example.org,Full-Stack Cloud Architecture Masterclass,Workshop Mentor,"November 08, 2026",GEN-2026-0077,https://verify.certgen.io/view?id=GEN-2026-0077
James Johnson,james.johnson78@example.org,Data Science & Analytics Leadership Bootcamp,1st Place Winner,"September 22, 2026",GEN-2026-0078,https://verify.certgen.io/view?id=GEN-2026-0078
Sophia Smith,sophia.smith79@example.org,Data Science & Analytics Leadership Bootcamp,1st Place Winner,"October 15, 2026",GEN-2026-0079,https://verify.certgen.io/view?id=GEN-2026-0079
Zainab Davis,zainab.davis80@example.org,Global AI & Machine Learning Summit 2026,1st Place Winner,"November 08, 2026",GEN-2026-0080,https://verify.certgen.io/view?id=GEN-2026-0080
Rahul Dubois,rahul.dubois81@example.org,Global AI & Machine Learning Summit 2026,Distinguished Contributor,"September 22, 2026",GEN-2026-0081,https://verify.certgen.io/view?id=GEN-2026-0081
Neha Kapoor,neha.kapoor82@example.org,Full-Stack Cloud Architecture Masterclass,Excellence in Leadership,"September 22, 2026",GEN-2026-0082,https://verify.certgen.io/view?id=GEN-2026-0082
Gabriel Martin,gabriel.martin83@example.org,Data Science & Analytics Leadership Bootcamp,Honors Graduate,"October 15, 2026",GEN-2026-0083,https://verify.certgen.io/view?id=GEN-2026-0083
Olivia Vargas,olivia.vargas84@example.org,Data Science & Analytics Leadership Bootcamp,Distinguished Contributor,"November 08, 2026",GEN-2026-0084,https://verify.certgen.io/view?id=GEN-2026-0084
Noah Anderson,noah.anderson85@example.org,International Software Engineering Symposium,Excellence in Leadership,"November 08, 2026",GEN-2026-0085,https://verify.certgen.io/view?id=GEN-2026-0085
Carlos Garcia,carlos.garcia86@example.org,Data Science & Analytics Leadership Bootcamp,Participant,"September 22, 2026",GEN-2026-0086,https://verify.certgen.io/view?id=GEN-2026-0086
Yuki Rossi,yuki.rossi87@example.org,Full-Stack Cloud Architecture Masterclass,Excellence in Leadership,"October 15, 2026",GEN-2026-0087,https://verify.certgen.io/view?id=GEN-2026-0087
Samantha Jackson,samantha.jackson88@example.org,Data Science & Analytics Leadership Bootcamp,Honors Graduate,"November 08, 2026",GEN-2026-0088,https://verify.certgen.io/view?id=GEN-2026-0088
Sara Kapoor,sara.kapoor89@example.org,International Software Engineering Symposium,1st Place Winner,"October 15, 2026",GEN-2026-0089,https://verify.certgen.io/view?id=GEN-2026-0089
Amara Deshmukh,amara.deshmukh90@example.org,Cybersecurity & Threat Intelligence Forum,Technical Keynote Presenter,"October 15, 2026",GEN-2026-0090,https://verify.certgen.io/view?id=GEN-2026-0090
Alexander Anderson,alexander.anderson91@example.org,Data Science & Analytics Leadership Bootcamp,Technical Keynote Presenter,"September 22, 2026",GEN-2026-0091,https://verify.certgen.io/view?id=GEN-2026-0091
Sara Kapoor,sara.kapoor92@example.org,Full-Stack Cloud Architecture Masterclass,Workshop Mentor,"October 15, 2026",GEN-2026-0092,https://verify.certgen.io/view?id=GEN-2026-0092
Priya Vargas,priya.vargas93@example.org,Cybersecurity & Threat Intelligence Forum,Distinguished Contributor,"September 22, 2026",GEN-2026-0093,https://verify.certgen.io/view?id=GEN-2026-0093
Chloe Davis,chloe.davis94@example.org,Full-Stack Cloud Architecture Masterclass,Distinguished Contributor,"September 22, 2026",GEN-2026-0094,https://verify.certgen.io/view?id=GEN-2026-0094
John Schneider,john.schneider95@example.org,International Software Engineering Symposium,Honors Graduate,"October 15, 2026",GEN-2026-0095,https://verify.certgen.io/view?id=GEN-2026-0095
Daniel Chen,daniel.chen96@example.org,Data Science & Analytics Leadership Bootcamp,Excellence in Leadership,"September 22, 2026",GEN-2026-0096,https://verify.certgen.io/view?id=GEN-2026-0096
Jin Jackson,jin.jackson97@example.org,Full-Stack Cloud Architecture Masterclass,Workshop Mentor,"September 22, 2026",GEN-2026-0097,https://verify.certgen.io/view?id=GEN-2026-0097
Jin Wilson,jin.wilson98@example.org,International Software Engineering Symposium,Technical Keynote Presenter,"October 15, 2026",GEN-2026-0098,https://verify.certgen.io/view?id=GEN-2026-0098
Samuel Wang,samuel.wang99@example.org,Full-Stack Cloud Architecture Masterclass,Honors Graduate,"September 22, 2026",GEN-2026-0099,https://verify.certgen.io/view?id=GEN-2026-0099
Dr. Prof. Montgomery Zhang-Pembroke of Oxfordshire III,montgomery.zhangpembroke.of.oxfordshire.iii100@example.org,Full-Stack Cloud Architecture Masterclass,1st Place Winner,"September 22, 2026",GEN-2026-0100,https://verify.certgen.io/view?id=GEN-2026-0100
Elena Wang,elena.wang101@example.org,Data Science & Analytics Leadership Bootcamp,Technical Keynote Presenter,"October 15, 2026",GEN-2026-0101,https://verify.certgen.io/view?id=GEN-2026-0101
Prof. Montgomery Takahashi,montgomery.takahashi102@example.org,Full-Stack Cloud Architecture Masterclass,Excellence in Leadership,"September 22, 2026",GEN-2026-0102,https://verify.certgen.io/view?id=GEN-2026-0102
Dr. Alistair Thomas,alistair.thomas103@example.org,Global AI & Machine Learning Summit 2026,1st Place Winner,"September 22, 2026",GEN-2026-0103,https://verify.certgen.io/view?id=GEN-2026-0103
Mohammed Jha,mohammed.jha104@example.org,Full-Stack Cloud Architecture Masterclass,Technical Keynote Presenter,"October 15, 2026",GEN-2026-0104,https://verify.certgen.io/view?id=GEN-2026-0104
Jin Kumar,jin.kumar105@example.org,Full-Stack Cloud Architecture Masterclass,Honors Graduate,"September 22, 2026",GEN-2026-0105,https://verify.certgen.io/view?id=GEN-2026-0105
Sophia Ivanov,sophia.ivanov106@example.org,Cybersecurity & Threat Intelligence Forum,Excellence in Leadership,"October 15, 2026",GEN-2026-0106,https://verify.certgen.io/view?id=GEN-2026-0106
Ananya Wilson,ananya.wilson107@example.org,Data Science & Analytics Leadership Bootcamp,Excellence in Leadership,"November 08, 2026",GEN-2026-0107,https://verify.certgen.io/view?id=GEN-2026-0107
Neha Miller,neha.miller108@example.org,International Software Engineering Symposium,Excellence in Leadership,"September 22, 2026",GEN-2026-0108,https://verify.certgen.io/view?id=GEN-2026-0108
Chloe Kapoor,chloe.kapoor109@example.org,Full-Stack Cloud Architecture Masterclass,Distinguished Contributor,"October 15, 2026",GEN-2026-0109,https://verify.certgen.io/view?id=GEN-2026-0109
Alexander Dubois,alexander.dubois110@example.org,International Software Engineering Symposium,1st Place Winner,"October 15, 2026",GEN-2026-0110,https://verify.certgen.io/view?id=GEN-2026-0110
William Yamamoto,william.yamamoto111@example.org,Data Science & Analytics Leadership Bootcamp,1st Place Winner,"November 08, 2026",GEN-2026-0111,https://verify.certgen.io/view?id=GEN-2026-0111
Neha Fernandez,neha.fernandez112@example.org,Cybersecurity & Threat Intelligence Forum,Distinguished Contributor,"September 22, 2026",GEN-2026-0112,https://verify.certgen.io/view?id=GEN-2026-0112
Grace Chen,grace.chen113@example.org,Cybersecurity & Threat Intelligence Forum,Participant,"November 08, 2026",GEN-2026-0113,https://verify.certgen.io/view?id=GEN-2026-0113
Prof. Montgomery Rodriguez,montgomery.rodriguez114@example.org,Full-Stack Cloud Architecture Masterclass,Excellence in Leadership,"October 15, 2026",GEN-2026-0114,https://verify.certgen.io/view?id=GEN-2026-0114
Ananya Takahashi,ananya.takahashi115@example.org,Data Science & Analytics Leadership Bootcamp,Distinguished Contributor,"October 15, 2026",GEN-2026-0115,https://verify.certgen.io/view?id=GEN-2026-0115
Sophia Fernandez,sophia.fernandez116@example.org,Data Science & Analytics Leadership Bootcamp,Distinguished Contributor,"October 15, 2026",GEN-2026-0116,https://verify.certgen.io/view?id=GEN-2026-0116
Sophia Mishra,sophia.mishra117@example.org,Data Science & Analytics Leadership Bootcamp,1st Place Winner,"November 08, 2026",GEN-2026-0117,https://verify.certgen.io/view?id=GEN-2026-0117
Isabella Rossi,isabella.rossi118@example.org,Full-Stack Cloud Architecture Masterclass,Honors Graduate,"October 15, 2026",GEN-2026-0118,https://verify.certgen.io/view?id=GEN-2026-0118
Sophia Martinez,sophia.martinez119@example.org,Full-Stack Cloud Architecture Masterclass,Distinguished Contributor,"November 08, 2026",GEN-2026-0119,https://verify.certgen.io/view?id=GEN-2026-0119
Jack Miller,jack.miller120@example.org,International Software Engineering Symposium,Technical Keynote Presenter,"September 22, 2026",GEN-2026-0120,https://verify.certgen.io/view?id=GEN-2026-0120
Jack Kowalski,jack.kowalski121@example.org,Full-Stack Cloud Architecture Masterclass,1st Place Winner,"November 08, 2026",GEN-2026-0121,https://verify.certgen.io/view?id=GEN-2026-0121
Samantha Smith,samantha.smith122@example.org,Data Science & Analytics Leadership Bootcamp,1st Place Winner,"October 15, 2026",GEN-2026-0122,https://verify.certgen.io/view?id=GEN-2026-0122
Mei Taylor,mei.taylor123@example.org,Full-Stack Cloud Architecture Masterclass,Distinguished Contributor,"October 15, 2026",GEN-2026-0123,https://verify.certgen.io/view?id=GEN-2026-0123
Dr. Alistair Yamamoto,alistair.yamamoto124@example.org,Full-Stack Cloud Architecture Masterclass,Workshop Mentor,"September 22, 2026",GEN-2026-0124,https://verify.certgen.io/view?id=GEN-2026-0124
Dr. Isabella Rahman-Pembroke of Oxfordshire III,isabella.rahmanpembroke.of.oxfordshire.iii125@example.org,International Software Engineering Symposium,Excellence in Leadership,"September 22, 2026",GEN-2026-0125,https://verify.certgen.io/view?id=GEN-2026-0125
Archduchess Katherine Williams,archduchess.katherine.williams126@example.org,Full-Stack Cloud Architecture Masterclass,Workshop Mentor,"October 15, 2026",GEN-2026-0126,https://verify.certgen.io/view?id=GEN-2026-0126
Fatima Zhang,fatima.zhang127@example.org,Full-Stack Cloud Architecture Masterclass,Honors Graduate,"September 22, 2026",GEN-2026-0127,https://verify.certgen.io/view?id=GEN-2026-0127
Alexander Johnson,alexander.johnson128@example.org,Cybersecurity & Threat Intelligence Forum,Distinguished Contributor,"September 22, 2026",GEN-2026-0128,https://verify.certgen.io/view?id=GEN-2026-0128
Michael Mishra,michael.mishra129@example.org,International Software Engineering Symposium,Honors Graduate,"November 08, 2026",GEN-2026-0129,https://verify.certgen.io/view?id=GEN-2026-0129
Thomas Martinez,thomas.martinez130@example.org,Cybersecurity & Threat Intelligence Forum,1st Place Winner,"September 22, 2026",GEN-2026-0130,https://verify.certgen.io/view?id=GEN-2026-0130
David Smith,david.smith131@example.org,Global AI & Machine Learning Summit 2026,Technical Keynote Presenter,"September 22, 2026",GEN-2026-0131,https://verify.certgen.io/view?id=GEN-2026-0131
Zoe Muller,zoe.muller132@example.org,Full-Stack Cloud Architecture Masterclass,Honors Graduate,"November 08, 2026",GEN-2026-0132,https://verify.certgen.io/view?id=GEN-2026-0132
Noah Patel,noah.patel133@example.org,Global AI & Machine Learning Summit 2026,Distinguished Contributor,"September 22, 2026",GEN-2026-0133,https://verify.certgen.io/view?id=GEN-2026-0133
Chloe Patel,chloe.patel134@example.org,Full-Stack Cloud Architecture Masterclass,Technical Keynote Presenter,"October 15, 2026",GEN-2026-0134,https://verify.certgen.io/view?id=GEN-2026-0134
Sophia Rao,sophia.rao135@example.org,International Software Engineering Symposium,Distinguished Contributor,"October 15, 2026",GEN-2026-0135,https://verify.certgen.io/view?id=GEN-2026-0135
Zainab Nakamura,zainab.nakamura136@example.org,International Software Engineering Symposium,Technical Keynote Presenter,"November 08, 2026",GEN-2026-0136,https://verify.certgen.io/view?id=GEN-2026-0136
Neha Muller,neha.muller137@example.org,International Software Engineering Symposium,1st Place Winner,"September 22, 2026",GEN-2026-0137,https://verify.certgen.io/view?id=GEN-2026-0137
Yuki Perez,yuki.perez138@example.org,Cybersecurity & Threat Intelligence Forum,Excellence in Leadership,"September 22, 2026",GEN-2026-0138,https://verify.certgen.io/view?id=GEN-2026-0138
Sara Kim,sara.kim139@example.org,International Software Engineering Symposium,1st Place Winner,"November 08, 2026",GEN-2026-0139,https://verify.certgen.io/view?id=GEN-2026-0139
Gabriel Kim,gabriel.kim140@example.org,Cybersecurity & Threat Intelligence Forum,Participant,"November 08, 2026",GEN-2026-0140,https://verify.certgen.io/view?id=GEN-2026-0140
Isabella Johnson,isabella.johnson141@example.org,Data Science & Analytics Leadership Bootcamp,Excellence in Leadership,"October 15, 2026",GEN-2026-0141,https://verify.certgen.io/view?id=GEN-2026-0141
Olivia Deshmukh,olivia.deshmukh142@example.org,Full-Stack Cloud Architecture Masterclass,Honors Graduate,"September 22, 2026",GEN-2026-0142,https://verify.certgen.io/view?id=GEN-2026-0142
Kavya Thomas,kavya.thomas143@example.org,Full-Stack Cloud Architecture Masterclass,Workshop Mentor,"September 22, 2026",GEN-2026-0143,https://verify.certgen.io/view?id=GEN-2026-0143
Ananya Mishra,ananya.mishra144@example.org,Cybersecurity & Threat Intelligence Forum,Excellence in Leadership,"November 08, 2026",GEN-2026-0144,https://verify.certgen.io/view?id=GEN-2026-0144
Michael Mishra,michael.mishra145@example.org,Global AI & Machine Learning Summit 2026,Honors Graduate,"October 15, 2026",GEN-2026-0145,https://verify.certgen.io/view?id=GEN-2026-0145
Kavya Wilson,kavya.wilson146@example.org,International Software Engineering Symposium,Workshop Mentor,"September 22, 2026",GEN-2026-0146,https://verify.certgen.io/view?id=GEN-2026-0146
Zainab Sato,zainab.sato147@example.org,Cybersecurity & Threat Intelligence Forum,1st Place Winner,"September 22, 2026",GEN-2026-0147,https://verify.certgen.io/view?id=GEN-2026-0147
Jin Kumar,jin.kumar148@example.org,Cybersecurity & Threat Intelligence Forum,Technical Keynote Presenter,"October 15, 2026",GEN-2026-0148,https://verify.certgen.io/view?id=GEN-2026-0148
Olivia Wang,olivia.wang149@example.org,International Software Engineering Symposium,Technical Keynote Presenter,"November 08, 2026",GEN-2026-0149,https://verify.certgen.io/view?id=GEN-2026-0149
Dr. Fatima Prakash-Pembroke of Oxfordshire III,fatima.prakashpembroke.of.oxfordshire.iii150@example.org,Full-Stack Cloud Architecture Masterclass,Excellence in Leadership,"October 15, 2026",GEN-2026-0150,https://verify.certgen.io/view?id=GEN-2026-0150
Nathan Banerjee,nathan.banerjee151@example.org,Cybersecurity & Threat Intelligence Forum,Excellence in Leadership,"November 08, 2026",GEN-2026-0151,https://verify.certgen.io/view?id=GEN-2026-0151
Tariq Zhang,tariq.zhang152@example.org,Cybersecurity & Threat Intelligence Forum,Workshop Mentor,"September 22, 2026",GEN-2026-0152,https://verify.certgen.io/view?id=GEN-2026-0152
Michael Garcia,michael.garcia153@example.org,International Software Engineering Symposium,Distinguished Contributor,"September 22, 2026",GEN-2026-0153,https://verify.certgen.io/view?id=GEN-2026-0153
Liam Schneider,liam.schneider154@example.org,International Software Engineering Symposium,Workshop Mentor,"September 22, 2026",GEN-2026-0154,https://verify.certgen.io/view?id=GEN-2026-0154
Benjamin Smith,benjamin.smith155@example.org,Cybersecurity & Threat Intelligence Forum,Honors Graduate,"October 15, 2026",GEN-2026-0155,https://verify.certgen.io/view?id=GEN-2026-0155
Elena Choudhury,elena.choudhury156@example.org,Data Science & Analytics Leadership Bootcamp,1st Place Winner,"October 15, 2026",GEN-2026-0156,https://verify.certgen.io/view?id=GEN-2026-0156
Ethan Patel,ethan.patel157@example.org,Data Science & Analytics Leadership Bootcamp,Excellence in Leadership,"October 15, 2026",GEN-2026-0157,https://verify.certgen.io/view?id=GEN-2026-0157
Hassan Williams,hassan.williams158@example.org,Cybersecurity & Threat Intelligence Forum,Excellence in Leadership,"September 22, 2026",GEN-2026-0158,https://verify.certgen.io/view?id=GEN-2026-0158
Mohammed Banerjee,mohammed.banerjee159@example.org,International Software Engineering Symposium,Participant,"October 15, 2026",GEN-2026-0159,https://verify.certgen.io/view?id=GEN-2026-0159
Fatima Smith,fatima.smith160@example.org,Global AI & Machine Learning Summit 2026,Technical Keynote Presenter,"November 08, 2026",GEN-2026-0160,https://verify.certgen.io/view?id=GEN-2026-0160
Alexander Williams,alexander.williams161@example.org,Global AI & Machine Learning Summit 2026,Honors Graduate,"September 22, 2026",GEN-2026-0161,https://verify.certgen.io/view?id=GEN-2026-0161
Aditi Silva,aditi.silva162@example.org,Full-Stack Cloud Architecture Masterclass,Honors Graduate,"September 22, 2026",GEN-2026-0162,https://verify.certgen.io/view?id=GEN-2026-0162
Mohammed Takahashi,mohammed.takahashi163@example.org,Global AI & Machine Learning Summit 2026,Distinguished Contributor,"September 22, 2026",GEN-2026-0163,https://verify.certgen.io/view?id=GEN-2026-0163
Michael Thomas,michael.thomas164@example.org,Data Science & Analytics Leadership Bootcamp,Technical Keynote Presenter,"October 15, 2026",GEN-2026-0164,https://verify.certgen.io/view?id=GEN-2026-0164
Divya Sharma,divya.sharma165@example.org,International Software Engineering Symposium,Workshop Mentor,"November 08, 2026",GEN-2026-0165,https://verify.certgen.io/view?id=GEN-2026-0165
Chloe Wilson,chloe.wilson166@example.org,Full-Stack Cloud Architecture Masterclass,Excellence in Leadership,"September 22, 2026",GEN-2026-0166,https://verify.certgen.io/view?id=GEN-2026-0166
Rohan Banerjee,rohan.banerjee167@example.org,Data Science & Analytics Leadership Bootcamp,Distinguished Contributor,"November 08, 2026",GEN-2026-0167,https://verify.certgen.io/view?id=GEN-2026-0167
Kavya Miller,kavya.miller168@example.org,Full-Stack Cloud Architecture Masterclass,Participant,"November 08, 2026",GEN-2026-0168,https://verify.certgen.io/view?id=GEN-2026-0168
Thomas Singh,thomas.singh169@example.org,Full-Stack Cloud Architecture Masterclass,Participant,"November 08, 2026",GEN-2026-0169,https://verify.certgen.io/view?id=GEN-2026-0169
Zoe Kumar,zoe.kumar170@example.org,International Software Engineering Symposium,Technical Keynote Presenter,"September 22, 2026",GEN-2026-0170,https://verify.certgen.io/view?id=GEN-2026-0170
Dr. Alistair Sato,alistair.sato171@example.org,Global AI & Machine Learning Summit 2026,Excellence in Leadership,"November 08, 2026",GEN-2026-0171,https://verify.certgen.io/view?id=GEN-2026-0171
Maya Takahashi,maya.takahashi172@example.org,Data Science & Analytics Leadership Bootcamp,Participant,"November 08, 2026",GEN-2026-0172,https://verify.certgen.io/view?id=GEN-2026-0172
Shreya Lopez,shreya.lopez173@example.org,Global AI & Machine Learning Summit 2026,Technical Keynote Presenter,"October 15, 2026",GEN-2026-0173,https://verify.certgen.io/view?id=GEN-2026-0173
Archduchess Katherine Prakash,archduchess.katherine.prakash174@example.org,Global AI & Machine Learning Summit 2026,1st Place Winner,"October 15, 2026",GEN-2026-0174,https://verify.certgen.io/view?id=GEN-2026-0174
Dr. Sara Patel-Pembroke of Oxfordshire III,sara.patelpembroke.of.oxfordshire.iii175@example.org,Full-Stack Cloud Architecture Masterclass,1st Place Winner,"September 22, 2026",GEN-2026-0175,https://verify.certgen.io/view?id=GEN-2026-0175
William Rao,william.rao176@example.org,Data Science & Analytics Leadership Bootcamp,Distinguished Contributor,"November 08, 2026",GEN-2026-0176,https://verify.certgen.io/view?id=GEN-2026-0176
Zoe Perez,zoe.perez177@example.org,Cybersecurity & Threat Intelligence Forum,1st Place Winner,"November 08, 2026",GEN-2026-0177,https://verify.certgen.io/view?id=GEN-2026-0177
Rohan Kim,rohan.kim178@example.org,Data Science & Analytics Leadership Bootcamp,Technical Keynote Presenter,"September 22, 2026",GEN-2026-0178,https://verify.certgen.io/view?id=GEN-2026-0178
Benjamin Kim,benjamin.kim179@example.org,Cybersecurity & Threat Intelligence Forum,Honors Graduate,"October 15, 2026",GEN-2026-0179,https://verify.certgen.io/view?id=GEN-2026-0179
Rahul Silva,rahul.silva180@example.org,Cybersecurity & Threat Intelligence Forum,Excellence in Leadership,"September 22, 2026",GEN-2026-0180,https://verify.certgen.io/view?id=GEN-2026-0180
Nathan Lee,nathan.lee181@example.org,Full-Stack Cloud Architecture Masterclass,1st Place Winner,"September 22, 2026",GEN-2026-0181,https://verify.certgen.io/view?id=GEN-2026-0181
Jin Zhang,jin.zhang182@example.org,Data Science & Analytics Leadership Bootcamp,Excellence in Leadership,"October 15, 2026",GEN-2026-0182,https://verify.certgen.io/view?id=GEN-2026-0182
Samantha Thomas,samantha.thomas183@example.org,Data Science & Analytics Leadership Bootcamp,Distinguished Contributor,"September 22, 2026",GEN-2026-0183,https://verify.certgen.io/view?id=GEN-2026-0183
Noah Ivanov,noah.ivanov184@example.org,Global AI & Machine Learning Summit 2026,Honors Graduate,"November 08, 2026",GEN-2026-0184,https://verify.certgen.io/view?id=GEN-2026-0184
Lucas Prakash,lucas.prakash185@example.org,International Software Engineering Symposium,Technical Keynote Presenter,"September 22, 2026",GEN-2026-0185,https://verify.certgen.io/view?id=GEN-2026-0185
Thomas Perez,thomas.perez186@example.org,Cybersecurity & Threat Intelligence Forum,1st Place Winner,"September 22, 2026",GEN-2026-0186,https://verify.certgen.io/view?id=GEN-2026-0186
Benjamin Kowalski,benjamin.kowalski187@example.org,Full-Stack Cloud Architecture Masterclass,1st Place Winner,"November 08, 2026",GEN-2026-0187,https://verify.certgen.io/view?id=GEN-2026-0187
Gabriel Kumar,gabriel.kumar188@example.org,International Software Engineering Symposium,Excellence in Leadership,"October 15, 2026",GEN-2026-0188,https://verify.certgen.io/view?id=GEN-2026-0188
Priya Rao,priya.rao189@example.org,Data Science & Analytics Leadership Bootcamp,1st Place Winner,"November 08, 2026",GEN-2026-0189,https://verify.certgen.io/view?id=GEN-2026-0189
Priya Lopez,priya.lopez190@example.org,Data Science & Analytics Leadership Bootcamp,Workshop Mentor,"October 15, 2026",GEN-2026-0190,https://verify.certgen.io/view?id=GEN-2026-0190
Hassan Kumar,hassan.kumar191@example.org,Data Science & Analytics Leadership Bootcamp,Honors Graduate,"September 22, 2026",GEN-2026-0191,https://verify.certgen.io/view?id=GEN-2026-0191
William Ivanov,william.ivanov192@example.org,Data Science & Analytics Leadership Bootcamp,Participant,"November 08, 2026",GEN-2026-0192,https://verify.certgen.io/view?id=GEN-2026-0192
Olivia Williams,olivia.williams193@example.org,Full-Stack Cloud Architecture Masterclass,Honors Graduate,"September 22, 2026",GEN-2026-0193,https://verify.certgen.io/view?id=GEN-2026-0193
Yuki Perez,yuki.perez194@example.org,Data Science & Analytics Leadership Bootcamp,Workshop Mentor,"November 08, 2026",GEN-2026-0194,https://verify.certgen.io/view?id=GEN-2026-0194
Zainab Rao,zainab.rao195@example.org,International Software Engineering Symposium,Excellence in Leadership,"September 22, 2026",GEN-2026-0195,https://verify.certgen.io/view?id=GEN-2026-0195
Emma Kowalski,emma.kowalski196@example.org,Full-Stack Cloud Architecture Masterclass,Excellence in Leadership,"September 22, 2026",GEN-2026-0196,https://verify.certgen.io/view?id=GEN-2026-0196
Jack Anderson,jack.anderson197@example.org,International Software Engineering Symposium,Honors Graduate,"October 15, 2026",GEN-2026-0197,https://verify.certgen.io/view?id=GEN-2026-0197
Alexander Choudhury,alexander.choudhury198@example.org,International Software Engineering Symposium,Excellence in Leadership,"November 08, 2026",GEN-2026-0198,https://verify.certgen.io/view?id=GEN-2026-0198
Daniel Singh,daniel.singh199@example.org,Cybersecurity & Threat Intelligence Forum,Participant,"September 22, 2026",GEN-2026-0199,https://verify.certgen.io/view?id=GEN-2026-0199
Dr. Rahul Kowalski-Pembroke of Oxfordshire III,rahul.kowalskipembroke.of.oxfordshire.iii200@example.org,Cybersecurity & Threat Intelligence Forum,1st Place Winner,"October 15, 2026",GEN-2026-0200,https://verify.certgen.io/view?id=GEN-2026-0200
Jasmine Ibrahim,jasmine.ibrahim201@example.org,Global AI & Machine Learning Summit 2026,Excellence in Leadership,"October 15, 2026",GEN-2026-0201,https://verify.certgen.io/view?id=GEN-2026-0201
Chloe Montgomery-Fitzgerald-Smith,chloe.montgomeryfitzgeraldsmith202@example.org,Global AI & Machine Learning Summit 2026,1st Place Winner,"October 15, 2026",GEN-2026-0202,https://verify.certgen.io/view?id=GEN-2026-0202
Ananya Sato,ananya.sato203@example.org,Global AI & Machine Learning Summit 2026,Honors Graduate,"September 22, 2026",GEN-2026-0203,https://verify.certgen.io/view?id=GEN-2026-0203
Prof. Montgomery Sato,montgomery.sato204@example.org,Data Science & Analytics Leadership Bootcamp,Participant,"September 22, 2026",GEN-2026-0204,https://verify.certgen.io/view?id=GEN-2026-0204
Chloe Rossi,chloe.rossi205@example.org,Cybersecurity & Threat Intelligence Forum,Distinguished Contributor,"November 08, 2026",GEN-2026-0205,https://verify.certgen.io/view?id=GEN-2026-0205
Dr. Alistair Silva,alistair.silva206@example.org,Full-Stack Cloud Architecture Masterclass,Technical Keynote Presenter,"November 08, 2026",GEN-2026-0206,https://verify.certgen.io/view?id=GEN-2026-0206
Kavya Nakamura,kavya.nakamura207@example.org,Cybersecurity & Threat Intelligence Forum,Excellence in Leadership,"November 08, 2026",GEN-2026-0207,https://verify.certgen.io/view?id=GEN-2026-0207
Maya Kumar,maya.kumar208@example.org,International Software Engineering Symposium,Distinguished Contributor,"September 22, 2026",GEN-2026-0208,https://verify.certgen.io/view?id=GEN-2026-0208
Samuel Wang,samuel.wang209@example.org,Global AI & Machine Learning Summit 2026,Technical Keynote Presenter,"September 22, 2026",GEN-2026-0209,https://verify.certgen.io/view?id=GEN-2026-0209
Sara Jackson,sara.jackson210@example.org,Data Science & Analytics Leadership Bootcamp,Workshop Mentor,"September 22, 2026",GEN-2026-0210,https://verify.certgen.io/view?id=GEN-2026-0210
Divya Johnson,divya.johnson211@example.org,Full-Stack Cloud Architecture Masterclass,Distinguished Contributor,"September 22, 2026",GEN-2026-0211,https://verify.certgen.io/view?id=GEN-2026-0211
Divya Anderson,divya.anderson212@example.org,Cybersecurity & Threat Intelligence Forum,1st Place Winner,"November 08, 2026",GEN-2026-0212,https://verify.certgen.io/view?id=GEN-2026-0212
Samantha Perez,samantha.perez213@example.org,Data Science & Analytics Leadership Bootcamp,Participant,"September 22, 2026",GEN-2026-0213,https://verify.certgen.io/view?id=GEN-2026-0213
Isabella Vargas,isabella.vargas214@example.org,Data Science & Analytics Leadership Bootcamp,Workshop Mentor,"October 15, 2026",GEN-2026-0214,https://verify.certgen.io/view?id=GEN-2026-0214
Ananya Taylor,ananya.taylor215@example.org,Full-Stack Cloud Architecture Masterclass,Excellence in Leadership,"November 08, 2026",GEN-2026-0215,https://verify.certgen.io/view?id=GEN-2026-0215
Rohan Takahashi,rohan.takahashi216@example.org,Full-Stack Cloud Architecture Masterclass,1st Place Winner,"September 22, 2026",GEN-2026-0216,https://verify.certgen.io/view?id=GEN-2026-0216
Olivia Jha,olivia.jha217@example.org,Full-Stack Cloud Architecture Masterclass,Excellence in Leadership,"September 22, 2026",GEN-2026-0217,https://verify.certgen.io/view?id=GEN-2026-0217
Ananya Choudhury,ananya.choudhury218@example.org,Full-Stack Cloud Architecture Masterclass,Technical Keynote Presenter,"October 15, 2026",GEN-2026-0218,https://verify.certgen.io/view?id=GEN-2026-0218
Samantha Wang,samantha.wang219@example.org,International Software Engineering Symposium,Excellence in Leadership,"October 15, 2026",GEN-2026-0219,https://verify.certgen.io/view?id=GEN-2026-0219
Chloe Patel,chloe.patel220@example.org,Data Science & Analytics Leadership Bootcamp,Workshop Mentor,"October 15, 2026",GEN-2026-0220,https://verify.certgen.io/view?id=GEN-2026-0220
Hassan Rahman,hassan.rahman221@example.org,International Software Engineering Symposium,1st Place Winner,"October 15, 2026",GEN-2026-0221,https://verify.certgen.io/view?id=GEN-2026-0221
Benjamin Sharma,benjamin.sharma222@example.org,Global AI & Machine Learning Summit 2026,1st Place Winner,"November 08, 2026",GEN-2026-0222,https://verify.certgen.io/view?id=GEN-2026-0222
James Sharma,james.sharma223@example.org,Data Science & Analytics Leadership Bootcamp,Participant,"September 22, 2026",GEN-2026-0223,https://verify.certgen.io/view?id=GEN-2026-0223
Fatima Taylor,fatima.taylor224@example.org,International Software Engineering Symposium,Distinguished Contributor,"September 22, 2026",GEN-2026-0224,https://verify.certgen.io/view?id=GEN-2026-0224
Dr. Zainab Taylor-Pembroke of Oxfordshire III,zainab.taylorpembroke.of.oxfordshire.iii225@example.org,Data Science & Analytics Leadership Bootcamp,Distinguished Contributor,"September 22, 2026",GEN-2026-0225,https://verify.certgen.io/view?id=GEN-2026-0225
Zainab Williams,zainab.williams226@example.org,Full-Stack Cloud Architecture Masterclass,1st Place Winner,"November 08, 2026",GEN-2026-0226,https://verify.certgen.io/view?id=GEN-2026-0226
Shreya Nakamura,shreya.nakamura227@example.org,Data Science & Analytics Leadership Bootcamp,Honors Graduate,"November 08, 2026",GEN-2026-0227,https://verify.certgen.io/view?id=GEN-2026-0227
Maya Singh,maya.singh228@example.org,Cybersecurity & Threat Intelligence Forum,Participant,"October 15, 2026",GEN-2026-0228,https://verify.certgen.io/view?id=GEN-2026-0228
Jin Mishra,jin.mishra229@example.org,Data Science & Analytics Leadership Bootcamp,Excellence in Leadership,"November 08, 2026",GEN-2026-0229,https://verify.certgen.io/view?id=GEN-2026-0229
Carlos Hernandez,carlos.hernandez230@example.org,Data Science & Analytics Leadership Bootcamp,1st Place Winner,"November 08, 2026",GEN-2026-0230,https://verify.certgen.io/view?id=GEN-2026-0230
Nathan Kowalski,nathan.kowalski231@example.org,Cybersecurity & Threat Intelligence Forum,Technical Keynote Presenter,"November 08, 2026",GEN-2026-0231,https://verify.certgen.io/view?id=GEN-2026-0231
Alexander Patel,alexander.patel232@example.org,Global AI & Machine Learning Summit 2026,Excellence in Leadership,"October 15, 2026",GEN-2026-0232,https://verify.certgen.io/view?id=GEN-2026-0232
James Fernandez,james.fernandez233@example.org,Cybersecurity & Threat Intelligence Forum,Technical Keynote Presenter,"November 08, 2026",GEN-2026-0233,https://verify.certgen.io/view?id=GEN-2026-0233
Archduchess Katherine Anderson,archduchess.katherine.anderson234@example.org,International Software Engineering Symposium,1st Place Winner,"October 15, 2026",GEN-2026-0234,https://verify.certgen.io/view?id=GEN-2026-0234
Amara Ivanov,amara.ivanov235@example.org,International Software Engineering Symposium,Excellence in Leadership,"November 08, 2026",GEN-2026-0235,https://verify.certgen.io/view?id=GEN-2026-0235
Zainab Prakash,zainab.prakash236@example.org,Cybersecurity & Threat Intelligence Forum,Technical Keynote Presenter,"September 22, 2026",GEN-2026-0236,https://verify.certgen.io/view?id=GEN-2026-0236
Ethan Kim,ethan.kim237@example.org,International Software Engineering Symposium,Honors Graduate,"October 15, 2026",GEN-2026-0237,https://verify.certgen.io/view?id=GEN-2026-0237
Mei Thomas,mei.thomas238@example.org,Cybersecurity & Threat Intelligence Forum,Participant,"September 22, 2026",GEN-2026-0238,https://verify.certgen.io/view?id=GEN-2026-0238
Sara Sharma,sara.sharma239@example.org,Full-Stack Cloud Architecture Masterclass,Workshop Mentor,"September 22, 2026",GEN-2026-0239,https://verify.certgen.io/view?id=GEN-2026-0239
Jack Rossi,jack.rossi240@example.org,Global AI & Machine Learning Summit 2026,Distinguished Contributor,"October 15, 2026",GEN-2026-0240,https://verify.certgen.io/view?id=GEN-2026-0240
Benjamin Jha,benjamin.jha241@example.org,Global AI & Machine Learning Summit 2026,1st Place Winner,"September 22, 2026",GEN-2026-0241,https://verify.certgen.io/view?id=GEN-2026-0241
Shreya Gupta,shreya.gupta242@example.org,Cybersecurity & Threat Intelligence Forum,Workshop Mentor,"October 15, 2026",GEN-2026-0242,https://verify.certgen.io/view?id=GEN-2026-0242
Neha Vargas,neha.vargas243@example.org,Data Science & Analytics Leadership Bootcamp,1st Place Winner,"October 15, 2026",GEN-2026-0243,https://verify.certgen.io/view?id=GEN-2026-0243
Mohammed Johnson,mohammed.johnson244@example.org,Cybersecurity & Threat Intelligence Forum,Distinguished Contributor,"September 22, 2026",GEN-2026-0244,https://verify.certgen.io/view?id=GEN-2026-0244
Kavya Ivanov,kavya.ivanov245@example.org,International Software Engineering Symposium,Distinguished Contributor,"November 08, 2026",GEN-2026-0245,https://verify.certgen.io/view?id=GEN-2026-0245
Daniel Davis,daniel.davis246@example.org,Data Science & Analytics Leadership Bootcamp,Technical Keynote Presenter,"October 15, 2026",GEN-2026-0246,https://verify.certgen.io/view?id=GEN-2026-0246
Jasmine Yamamoto,jasmine.yamamoto247@example.org,International Software Engineering Symposium,Excellence in Leadership,"September 22, 2026",GEN-2026-0247,https://verify.certgen.io/view?id=GEN-2026-0247
Isabella Verma,isabella.verma248@example.org,Data Science & Analytics Leadership Bootcamp,Technical Keynote Presenter,"November 08, 2026",GEN-2026-0248,https://verify.certgen.io/view?id=GEN-2026-0248
Rohan Takahashi,rohan.takahashi249@example.org,Cybersecurity & Threat Intelligence Forum,Technical Keynote Presenter,"September 22, 2026",GEN-2026-0249,https://verify.certgen.io/view?id=GEN-2026-0249
Dr. Mei Rodriguez-Pembroke of Oxfordshire III,mei.rodriguezpembroke.of.oxfordshire.iii250@example.org,Cybersecurity & Threat Intelligence Forum,Excellence in Leadership,"October 15, 2026",GEN-2026-0250,https://verify.certgen.io/view?id=GEN-2026-0250
Priya Williams,priya.williams251@example.org,International Software Engineering Symposium,1st Place Winner,"October 15, 2026",GEN-2026-0251,https://verify.certgen.io/view?id=GEN-2026-0251
James Ivanov,james.ivanov252@example.org,Full-Stack Cloud Architecture Masterclass,Distinguished Contributor,"October 15, 2026",GEN-2026-0252,https://verify.certgen.io/view?id=GEN-2026-0252
Fatima Wilson,fatima.wilson253@example.org,Cybersecurity & Threat Intelligence Forum,Participant,"October 15, 2026",GEN-2026-0253,https://verify.certgen.io/view?id=GEN-2026-0253
Yuki Perez,yuki.perez254@example.org,Cybersecurity & Threat Intelligence Forum,1st Place Winner,"November 08, 2026",GEN-2026-0254,https://verify.certgen.io/view?id=GEN-2026-0254
Dr. Alistair Montgomery-Fitzgerald-Smith,alistair.montgomeryfitzgeraldsmith255@example.org,Full-Stack Cloud Architecture Masterclass,1st Place Winner,"September 22, 2026",GEN-2026-0255,https://verify.certgen.io/view?id=GEN-2026-0255
Daniel Rahman,daniel.rahman256@example.org,International Software Engineering Symposium,Excellence in Leadership,"September 22, 2026",GEN-2026-0256,https://verify.certgen.io/view?id=GEN-2026-0256
Mei Dubois,mei.dubois257@example.org,International Software Engineering Symposium,1st Place Winner,"September 22, 2026",GEN-2026-0257,https://verify.certgen.io/view?id=GEN-2026-0257
William Gupta,william.gupta258@example.org,Cybersecurity & Threat Intelligence Forum,Technical Keynote Presenter,"November 08, 2026",GEN-2026-0258,https://verify.certgen.io/view?id=GEN-2026-0258
David Davis,david.davis259@example.org,Cybersecurity & Threat Intelligence Forum,Technical Keynote Presenter,"October 15, 2026",GEN-2026-0259,https://verify.certgen.io/view?id=GEN-2026-0259
Jasmine Silva,jasmine.silva260@example.org,Cybersecurity & Threat Intelligence Forum,Workshop Mentor,"September 22, 2026",GEN-2026-0260,https://verify.certgen.io/view?id=GEN-2026-0260
Jasmine Taylor,jasmine.taylor261@example.org,International Software Engineering Symposium,1st Place Winner,"October 15, 2026",GEN-2026-0261,https://verify.certgen.io/view?id=GEN-2026-0261
Sara Vargas,sara.vargas262@example.org,Cybersecurity & Threat Intelligence Forum,Technical Keynote Presenter,"November 08, 2026",GEN-2026-0262,https://verify.certgen.io/view?id=GEN-2026-0262
Alexander Silva,alexander.silva263@example.org,Global AI & Machine Learning Summit 2026,Honors Graduate,"November 08, 2026",GEN-2026-0263,https://verify.certgen.io/view?id=GEN-2026-0263
Tariq Kowalski,tariq.kowalski264@example.org,Full-Stack Cloud Architecture Masterclass,Workshop Mentor,"September 22, 2026",GEN-2026-0264,https://verify.certgen.io/view?id=GEN-2026-0264
Maya Dubois,maya.dubois265@example.org,Global AI & Machine Learning Summit 2026,1st Place Winner,"September 22, 2026",GEN-2026-0265,https://verify.certgen.io/view?id=GEN-2026-0265
Thomas Kumar,thomas.kumar266@example.org,Global AI & Machine Learning Summit 2026,Participant,"October 15, 2026",GEN-2026-0266,https://verify.certgen.io/view?id=GEN-2026-0266
Dr. Alistair Choudhury,alistair.choudhury267@example.org,Data Science & Analytics Leadership Bootcamp,Excellence in Leadership,"October 15, 2026",GEN-2026-0267,https://verify.certgen.io/view?id=GEN-2026-0267
Maya Gupta,maya.gupta268@example.org,Full-Stack Cloud Architecture Masterclass,Distinguished Contributor,"October 15, 2026",GEN-2026-0268,https://verify.certgen.io/view?id=GEN-2026-0268
Rahul Taylor,rahul.taylor269@example.org,Full-Stack Cloud Architecture Masterclass,Honors Graduate,"September 22, 2026",GEN-2026-0269,https://verify.certgen.io/view?id=GEN-2026-0269
Benjamin Silva,benjamin.silva270@example.org,Cybersecurity & Threat Intelligence Forum,Distinguished Contributor,"November 08, 2026",GEN-2026-0270,https://verify.certgen.io/view?id=GEN-2026-0270
Gabriel Prakash,gabriel.prakash271@example.org,International Software Engineering Symposium,Honors Graduate,"September 22, 2026",GEN-2026-0271,https://verify.certgen.io/view?id=GEN-2026-0271
Michael Singh,michael.singh272@example.org,Data Science & Analytics Leadership Bootcamp,1st Place Winner,"October 15, 2026",GEN-2026-0272,https://verify.certgen.io/view?id=GEN-2026-0272
Sophia Anderson,sophia.anderson273@example.org,Cybersecurity & Threat Intelligence Forum,Excellence in Leadership,"November 08, 2026",GEN-2026-0273,https://verify.certgen.io/view?id=GEN-2026-0273
Olivia Hernandez,olivia.hernandez274@example.org,Global AI & Machine Learning Summit 2026,1st Place Winner,"October 15, 2026",GEN-2026-0274,https://verify.certgen.io/view?id=GEN-2026-0274
Dr. Rohan Kumar-Pembroke of Oxfordshire III,rohan.kumarpembroke.of.oxfordshire.iii275@example.org,Cybersecurity & Threat Intelligence Forum,Workshop Mentor,"October 15, 2026",GEN-2026-0275,https://verify.certgen.io/view?id=GEN-2026-0275
Michael Kumar,michael.kumar276@example.org,Full-Stack Cloud Architecture Masterclass,1st Place Winner,"October 15, 2026",GEN-2026-0276,https://verify.certgen.io/view?id=GEN-2026-0276
Carlos Johnson,carlos.johnson277@example.org,Cybersecurity & Threat Intelligence Forum,Distinguished Contributor,"October 15, 2026",GEN-2026-0277,https://verify.certgen.io/view?id=GEN-2026-0277
Rahul Kowalski,rahul.kowalski278@example.org,Data Science & Analytics Leadership Bootcamp,Participant,"November 08, 2026",GEN-2026-0278,https://verify.certgen.io/view?id=GEN-2026-0278
Liam Kim,liam.kim279@example.org,Global AI & Machine Learning Summit 2026,Distinguished Contributor,"November 08, 2026",GEN-2026-0279,https://verify.certgen.io/view?id=GEN-2026-0279
Zoe Wang,zoe.wang280@example.org,Global AI & Machine Learning Summit 2026,Distinguished Contributor,"November 08, 2026",GEN-2026-0280,https://verify.certgen.io/view?id=GEN-2026-0280
Nathan Kowalski,nathan.kowalski281@example.org,Full-Stack Cloud Architecture Masterclass,Distinguished Contributor,"October 15, 2026",GEN-2026-0281,https://verify.certgen.io/view?id=GEN-2026-0281
Fatima Singh,fatima.singh282@example.org,Full-Stack Cloud Architecture Masterclass,Distinguished Contributor,"October 15, 2026",GEN-2026-0282,https://verify.certgen.io/view?id=GEN-2026-0282
Tariq Williams,tariq.williams283@example.org,Full-Stack Cloud Architecture Masterclass,Workshop Mentor,"September 22, 2026",GEN-2026-0283,https://verify.certgen.io/view?id=GEN-2026-0283
Sara Smith,sara.smith284@example.org,Global AI & Machine Learning Summit 2026,Excellence in Leadership,"October 15, 2026",GEN-2026-0284,https://verify.certgen.io/view?id=GEN-2026-0284
Alexander Schneider,alexander.schneider285@example.org,Data Science & Analytics Leadership Bootcamp,Workshop Mentor,"September 22, 2026",GEN-2026-0285,https://verify.certgen.io/view?id=GEN-2026-0285
Benjamin Kowalski,benjamin.kowalski286@example.org,Data Science & Analytics Leadership Bootcamp,Workshop Mentor,"October 15, 2026",GEN-2026-0286,https://verify.certgen.io/view?id=GEN-2026-0286
Elena Ivanov,elena.ivanov287@example.org,Full-Stack Cloud Architecture Masterclass,Technical Keynote Presenter,"November 08, 2026",GEN-2026-0287,https://verify.certgen.io/view?id=GEN-2026-0287
John Rao,john.rao288@example.org,International Software Engineering Symposium,Excellence in Leadership,"September 22, 2026",GEN-2026-0288,https://verify.certgen.io/view?id=GEN-2026-0288
Grace Montgomery-Fitzgerald-Smith,grace.montgomeryfitzgeraldsmith289@example.org,Cybersecurity & Threat Intelligence Forum,Technical Keynote Presenter,"October 15, 2026",GEN-2026-0289,https://verify.certgen.io/view?id=GEN-2026-0289
Yuki Lopez,yuki.lopez290@example.org,Global AI & Machine Learning Summit 2026,1st Place Winner,"September 22, 2026",GEN-2026-0290,https://verify.certgen.io/view?id=GEN-2026-0290
David Williams,david.williams291@example.org,Full-Stack Cloud Architecture Masterclass,Technical Keynote Presenter,"November 08, 2026",GEN-2026-0291,https://verify.certgen.io/view?id=GEN-2026-0291
William Taylor,william.taylor292@example.org,Cybersecurity & Threat Intelligence Forum,Technical Keynote Presenter,"November 08, 2026",GEN-2026-0292,https://verify.certgen.io/view?id=GEN-2026-0292
John Deshmukh,john.deshmukh293@example.org,Cybersecurity & Threat Intelligence Forum,Participant,"October 15, 2026",GEN-2026-0293,https://verify.certgen.io/view?id=GEN-2026-0293
Olivia Fernandez,olivia.fernandez294@example.org,Cybersecurity & Threat Intelligence Forum,Excellence in Leadership,"November 08, 2026",GEN-2026-0294,https://verify.certgen.io/view?id=GEN-2026-0294
Yuki Taylor,yuki.taylor295@example.org,Data Science & Analytics Leadership Bootcamp,Distinguished Contributor,"October 15, 2026",GEN-2026-0295,https://verify.certgen.io/view?id=GEN-2026-0295
Archduchess Katherine Singh,archduchess.katherine.singh296@example.org,Data Science & Analytics Leadership Bootcamp,Participant,"November 08, 2026",GEN-2026-0296,https://verify.certgen.io/view?id=GEN-2026-0296
Fatima Perez,fatima.perez297@example.org,Global AI & Machine Learning Summit 2026,Distinguished Contributor,"November 08, 2026",GEN-2026-0297,https://verify.certgen.io/view?id=GEN-2026-0297
James Silva,james.silva298@example.org,Full-Stack Cloud Architecture Masterclass,Workshop Mentor,"September 22, 2026",GEN-2026-0298,https://verify.certgen.io/view?id=GEN-2026-0298
Sara Montgomery-Fitzgerald-Smith,sara.montgomeryfitzgeraldsmith299@example.org,Cybersecurity & Threat Intelligence Forum,Workshop Mentor,"October 15, 2026",GEN-2026-0299,https://verify.certgen.io/view?id=GEN-2026-0299
Dr. Shreya Mishra-Pembroke of Oxfordshire III,shreya.mishrapembroke.of.oxfordshire.iii300@example.org,Global AI & Machine Learning Summit 2026,Honors Graduate,"September 22, 2026",GEN-2026-0300,https://verify.certgen.io/view?id=GEN-2026-0300
Alexander Kumar,alexander.kumar301@example.org,Cybersecurity & Threat Intelligence Forum,Participant,"September 22, 2026",GEN-2026-0301,https://verify.certgen.io/view?id=GEN-2026-0301
Gabriel Rodriguez,gabriel.rodriguez302@example.org,Full-Stack Cloud Architecture Masterclass,1st Place Winner,"October 15, 2026",GEN-2026-0302,https://verify.certgen.io/view?id=GEN-2026-0302
John Takahashi,john.takahashi303@example.org,International Software Engineering Symposium,1st Place Winner,"November 08, 2026",GEN-2026-0303,https://verify.certgen.io/view?id=GEN-2026-0303
Yuki Verma,yuki.verma304@example.org,Full-Stack Cloud Architecture Masterclass,1st Place Winner,"November 08, 2026",GEN-2026-0304,https://verify.certgen.io/view?id=GEN-2026-0304
Carlos Prakash,carlos.prakash305@example.org,International Software Engineering Symposium,1st Place Winner,"October 15, 2026",GEN-2026-0305,https://verify.certgen.io/view?id=GEN-2026-0305
Alexander Thomas,alexander.thomas306@example.org,Data Science & Analytics Leadership Bootcamp,Honors Graduate,"October 15, 2026",GEN-2026-0306,https://verify.certgen.io/view?id=GEN-2026-0306
Mei Johnson,mei.johnson307@example.org,Data Science & Analytics Leadership Bootcamp,Participant,"November 08, 2026",GEN-2026-0307,https://verify.certgen.io/view?id=GEN-2026-0307
John Rodriguez,john.rodriguez308@example.org,Data Science & Analytics Leadership Bootcamp,Participant,"October 15, 2026",GEN-2026-0308,https://verify.certgen.io/view?id=GEN-2026-0308
Hassan Ivanov,hassan.ivanov309@example.org,Global AI & Machine Learning Summit 2026,Technical Keynote Presenter,"October 15, 2026",GEN-2026-0309,https://verify.certgen.io/view?id=GEN-2026-0309
Benjamin Takahashi,benjamin.takahashi310@example.org,Full-Stack Cloud Architecture Masterclass,Workshop Mentor,"November 08, 2026",GEN-2026-0310,https://verify.certgen.io/view?id=GEN-2026-0310
Samantha Banerjee,samantha.banerjee311@example.org,Global AI & Machine Learning Summit 2026,Technical Keynote Presenter,"October 15, 2026",GEN-2026-0311,https://verify.certgen.io/view?id=GEN-2026-0311
Gabriel Garcia,gabriel.garcia312@example.org,International Software Engineering Symposium,Honors Graduate,"September 22, 2026",GEN-2026-0312,https://verify.certgen.io/view?id=GEN-2026-0312
Zainab Rossi,zainab.rossi313@example.org,Full-Stack Cloud Architecture Masterclass,Distinguished Contributor,"September 22, 2026",GEN-2026-0313,https://verify.certgen.io/view?id=GEN-2026-0313
Archduchess Katherine Jha,archduchess.katherine.jha314@example.org,Data Science & Analytics Leadership Bootcamp,Technical Keynote Presenter,"September 22, 2026",GEN-2026-0314,https://verify.certgen.io/view?id=GEN-2026-0314
Dr. Alistair Sharma,alistair.sharma315@example.org,Global AI & Machine Learning Summit 2026,Excellence in Leadership,"September 22, 2026",GEN-2026-0315,https://verify.certgen.io/view?id=GEN-2026-0315
Daniel Rodriguez,daniel.rodriguez316@example.org,Data Science & Analytics Leadership Bootcamp,Technical Keynote Presenter,"September 22, 2026",GEN-2026-0316,https://verify.certgen.io/view?id=GEN-2026-0316
Chloe Takahashi,chloe.takahashi317@example.org,Global AI & Machine Learning Summit 2026,Honors Graduate,"September 22, 2026",GEN-2026-0317,https://verify.certgen.io/view?id=GEN-2026-0317
Jin Yamamoto,jin.yamamoto318@example.org,Full-Stack Cloud Architecture Masterclass,Distinguished Contributor,"October 15, 2026",GEN-2026-0318,https://verify.certgen.io/view?id=GEN-2026-0318
Aditi Ibrahim,aditi.ibrahim319@example.org,Data Science & Analytics Leadership Bootcamp,Participant,"September 22, 2026",GEN-2026-0319,https://verify.certgen.io/view?id=GEN-2026-0319
Yuki Mishra,yuki.mishra320@example.org,International Software Engineering Symposium,Participant,"November 08, 2026",GEN-2026-0320,https://verify.certgen.io/view?id=GEN-2026-0320
Ananya Perez,ananya.perez321@example.org,Cybersecurity & Threat Intelligence Forum,Technical Keynote Presenter,"October 15, 2026",GEN-2026-0321,https://verify.certgen.io/view?id=GEN-2026-0321
Neha Schneider,neha.schneider322@example.org,Global AI & Machine Learning Summit 2026,1st Place Winner,"November 08, 2026",GEN-2026-0322,https://verify.certgen.io/view?id=GEN-2026-0322
Fatima Silva,fatima.silva323@example.org,Global AI & Machine Learning Summit 2026,Workshop Mentor,"November 08, 2026",GEN-2026-0323,https://verify.certgen.io/view?id=GEN-2026-0323
Noah Kumar,noah.kumar324@example.org,Cybersecurity & Threat Intelligence Forum,Workshop Mentor,"September 22, 2026",GEN-2026-0324,https://verify.certgen.io/view?id=GEN-2026-0324
Dr. Amara Perez-Pembroke of Oxfordshire III,amara.perezpembroke.of.oxfordshire.iii325@example.org,Cybersecurity & Threat Intelligence Forum,1st Place Winner,"November 08, 2026",GEN-2026-0325,https://verify.certgen.io/view?id=GEN-2026-0325
Carlos Prakash,carlos.prakash326@example.org,Cybersecurity & Threat Intelligence Forum,Participant,"September 22, 2026",GEN-2026-0326,https://verify.certgen.io/view?id=GEN-2026-0326
James Sharma,james.sharma327@example.org,Full-Stack Cloud Architecture Masterclass,Participant,"September 22, 2026",GEN-2026-0327,https://verify.certgen.io/view?id=GEN-2026-0327
Hassan Silva,hassan.silva328@example.org,International Software Engineering Symposium,Distinguished Contributor,"November 08, 2026",GEN-2026-0328,https://verify.certgen.io/view?id=GEN-2026-0328
James Martinez,james.martinez329@example.org,International Software Engineering Symposium,Distinguished Contributor,"October 15, 2026",GEN-2026-0329,https://verify.certgen.io/view?id=GEN-2026-0329
Michael Rahman,michael.rahman330@example.org,International Software Engineering Symposium,1st Place Winner,"September 22, 2026",GEN-2026-0330,https://verify.certgen.io/view?id=GEN-2026-0330
Dr. Alistair Thomas,alistair.thomas331@example.org,Global AI & Machine Learning Summit 2026,Technical Keynote Presenter,"November 08, 2026",GEN-2026-0331,https://verify.certgen.io/view?id=GEN-2026-0331
Shreya Wilson,shreya.wilson332@example.org,International Software Engineering Symposium,Workshop Mentor,"September 22, 2026",GEN-2026-0332,https://verify.certgen.io/view?id=GEN-2026-0332
Maya Nakamura,maya.nakamura333@example.org,Full-Stack Cloud Architecture Masterclass,1st Place Winner,"October 15, 2026",GEN-2026-0333,https://verify.certgen.io/view?id=GEN-2026-0333
Archduchess Katherine Patel,archduchess.katherine.patel334@example.org,Cybersecurity & Threat Intelligence Forum,1st Place Winner,"November 08, 2026",GEN-2026-0334,https://verify.certgen.io/view?id=GEN-2026-0334
Carlos Lee,carlos.lee335@example.org,Cybersecurity & Threat Intelligence Forum,Excellence in Leadership,"November 08, 2026",GEN-2026-0335,https://verify.certgen.io/view?id=GEN-2026-0335
Grace Martin,grace.martin336@example.org,Full-Stack Cloud Architecture Masterclass,Workshop Mentor,"October 15, 2026",GEN-2026-0336,https://verify.certgen.io/view?id=GEN-2026-0336
Ananya Deshmukh,ananya.deshmukh337@example.org,Global AI & Machine Learning Summit 2026,Participant,"October 15, 2026",GEN-2026-0337,https://verify.certgen.io/view?id=GEN-2026-0337
Carlos Wang,carlos.wang338@example.org,Data Science & Analytics Leadership Bootcamp,Technical Keynote Presenter,"September 22, 2026",GEN-2026-0338,https://verify.certgen.io/view?id=GEN-2026-0338
Priya Choudhury,priya.choudhury339@example.org,International Software Engineering Symposium,Distinguished Contributor,"November 08, 2026",GEN-2026-0339,https://verify.certgen.io/view?id=GEN-2026-0339
Jasmine Takahashi,jasmine.takahashi340@example.org,Global AI & Machine Learning Summit 2026,1st Place Winner,"October 15, 2026",GEN-2026-0340,https://verify.certgen.io/view?id=GEN-2026-0340
Sophia Williams,sophia.williams341@example.org,Cybersecurity & Threat Intelligence Forum,Technical Keynote Presenter,"November 08, 2026",GEN-2026-0341,https://verify.certgen.io/view?id=GEN-2026-0341
Amara Kowalski,amara.kowalski342@example.org,International Software Engineering Symposium,Excellence in Leadership,"October 15, 2026",GEN-2026-0342,https://verify.certgen.io/view?id=GEN-2026-0342
Carlos Sato,carlos.sato343@example.org,International Software Engineering Symposium,Honors Graduate,"September 22, 2026",GEN-2026-0343,https://verify.certgen.io/view?id=GEN-2026-0343
Sophia Perez,sophia.perez344@example.org,Full-Stack Cloud Architecture Masterclass,Technical Keynote Presenter,"September 22, 2026",GEN-2026-0344,https://verify.certgen.io/view?id=GEN-2026-0344
Jin Rossi,jin.rossi345@example.org,Data Science & Analytics Leadership Bootcamp,Participant,"October 15, 2026",GEN-2026-0345,https://verify.certgen.io/view?id=GEN-2026-0345
Rahul Jha,rahul.jha346@example.org,Cybersecurity & Threat Intelligence Forum,Technical Keynote Presenter,"November 08, 2026",GEN-2026-0346,https://verify.certgen.io/view?id=GEN-2026-0346
Zoe Montgomery-Fitzgerald-Smith,zoe.montgomeryfitzgeraldsmith347@example.org,International Software Engineering Symposium,Distinguished Contributor,"November 08, 2026",GEN-2026-0347,https://verify.certgen.io/view?id=GEN-2026-0347
Shreya Rossi,shreya.rossi348@example.org,Global AI & Machine Learning Summit 2026,Distinguished Contributor,"November 08, 2026",GEN-2026-0348,https://verify.certgen.io/view?id=GEN-2026-0348
Thomas Kim,thomas.kim349@example.org,Global AI & Machine Learning Summit 2026,Honors Graduate,"October 15, 2026",GEN-2026-0349,https://verify.certgen.io/view?id=GEN-2026-0349
Dr. Thomas Williams-Pembroke of Oxfordshire III,thomas.williamspembroke.of.oxfordshire.iii350@example.org,Data Science & Analytics Leadership Bootcamp,Excellence in Leadership,"October 15, 2026",GEN-2026-0350,https://verify.certgen.io/view?id=GEN-2026-0350
Aarav Ibrahim,aarav.ibrahim351@example.org,Full-Stack Cloud Architecture Masterclass,Distinguished Contributor,"November 08, 2026",GEN-2026-0351,https://verify.certgen.io/view?id=GEN-2026-0351
Liam Davis,liam.davis352@example.org,Full-Stack Cloud Architecture Masterclass,Workshop Mentor,"November 08, 2026",GEN-2026-0352,https://verify.certgen.io/view?id=GEN-2026-0352
Aditi Deshmukh,aditi.deshmukh353@example.org,International Software Engineering Symposium,Honors Graduate,"October 15, 2026",GEN-2026-0353,https://verify.certgen.io/view?id=GEN-2026-0353
Lucas Patel,lucas.patel354@example.org,Data Science & Analytics Leadership Bootcamp,Honors Graduate,"October 15, 2026",GEN-2026-0354,https://verify.certgen.io/view?id=GEN-2026-0354
Jack Verma,jack.verma355@example.org,Data Science & Analytics Leadership Bootcamp,Technical Keynote Presenter,"November 08, 2026",GEN-2026-0355,https://verify.certgen.io/view?id=GEN-2026-0355
Samantha Deshmukh,samantha.deshmukh356@example.org,Global AI & Machine Learning Summit 2026,Honors Graduate,"September 22, 2026",GEN-2026-0356,https://verify.certgen.io/view?id=GEN-2026-0356
Zainab Silva,zainab.silva357@example.org,Global AI & Machine Learning Summit 2026,Workshop Mentor,"September 22, 2026",GEN-2026-0357,https://verify.certgen.io/view?id=GEN-2026-0357
Hassan Nakamura,hassan.nakamura358@example.org,Cybersecurity & Threat Intelligence Forum,1st Place Winner,"November 08, 2026",GEN-2026-0358,https://verify.certgen.io/view?id=GEN-2026-0358
Mei Mishra,mei.mishra359@example.org,Data Science & Analytics Leadership Bootcamp,Honors Graduate,"November 08, 2026",GEN-2026-0359,https://verify.certgen.io/view?id=GEN-2026-0359
Chloe Malhotra,chloe.malhotra360@example.org,Cybersecurity & Threat Intelligence Forum,Participant,"October 15, 2026",GEN-2026-0360,https://verify.certgen.io/view?id=GEN-2026-0360
Tariq Taylor,tariq.taylor361@example.org,International Software Engineering Symposium,1st Place Winner,"November 08, 2026",GEN-2026-0361,https://verify.certgen.io/view?id=GEN-2026-0361
Sophia Kumar,sophia.kumar362@example.org,Global AI & Machine Learning Summit 2026,Honors Graduate,"October 15, 2026",GEN-2026-0362,https://verify.certgen.io/view?id=GEN-2026-0362
Samantha Choudhury,samantha.choudhury363@example.org,Global AI & Machine Learning Summit 2026,Honors Graduate,"October 15, 2026",GEN-2026-0363,https://verify.certgen.io/view?id=GEN-2026-0363
Ethan Wilson,ethan.wilson364@example.org,Full-Stack Cloud Architecture Masterclass,Technical Keynote Presenter,"October 15, 2026",GEN-2026-0364,https://verify.certgen.io/view?id=GEN-2026-0364
Isabella Lee,isabella.lee365@example.org,Global AI & Machine Learning Summit 2026,Participant,"October 15, 2026",GEN-2026-0365,https://verify.certgen.io/view?id=GEN-2026-0365
Yuki Muller,yuki.muller366@example.org,Full-Stack Cloud Architecture Masterclass,Honors Graduate,"October 15, 2026",GEN-2026-0366,https://verify.certgen.io/view?id=GEN-2026-0366
Olivia Vargas,olivia.vargas367@example.org,Full-Stack Cloud Architecture Masterclass,Distinguished Contributor,"November 08, 2026",GEN-2026-0367,https://verify.certgen.io/view?id=GEN-2026-0367
Sophia Zhang,sophia.zhang368@example.org,Data Science & Analytics Leadership Bootcamp,Participant,"October 15, 2026",GEN-2026-0368,https://verify.certgen.io/view?id=GEN-2026-0368
Yuki Chen,yuki.chen369@example.org,Cybersecurity & Threat Intelligence Forum,Participant,"October 15, 2026",GEN-2026-0369,https://verify.certgen.io/view?id=GEN-2026-0369
Ananya Lee,ananya.lee370@example.org,International Software Engineering Symposium,1st Place Winner,"November 08, 2026",GEN-2026-0370,https://verify.certgen.io/view?id=GEN-2026-0370
Liam Vargas,liam.vargas371@example.org,Cybersecurity & Threat Intelligence Forum,Excellence in Leadership,"September 22, 2026",GEN-2026-0371,https://verify.certgen.io/view?id=GEN-2026-0371
Liam Banerjee,liam.banerjee372@example.org,Data Science & Analytics Leadership Bootcamp,Honors Graduate,"November 08, 2026",GEN-2026-0372,https://verify.certgen.io/view?id=GEN-2026-0372
Michael Thomas,michael.thomas373@example.org,Data Science & Analytics Leadership Bootcamp,Participant,"October 15, 2026",GEN-2026-0373,https://verify.certgen.io/view?id=GEN-2026-0373
Carlos Johnson,carlos.johnson374@example.org,Cybersecurity & Threat Intelligence Forum,Distinguished Contributor,"October 15, 2026",GEN-2026-0374,https://verify.certgen.io/view?id=GEN-2026-0374
Dr. Noah Deshmukh-Pembroke of Oxfordshire III,noah.deshmukhpembroke.of.oxfordshire.iii375@example.org,Cybersecurity & Threat Intelligence Forum,Technical Keynote Presenter,"October 15, 2026",GEN-2026-0375,https://verify.certgen.io/view?id=GEN-2026-0375
Yuki Lopez,yuki.lopez376@example.org,Full-Stack Cloud Architecture Masterclass,Excellence in Leadership,"September 22, 2026",GEN-2026-0376,https://verify.certgen.io/view?id=GEN-2026-0376
Ananya Rahman,ananya.rahman377@example.org,Global AI & Machine Learning Summit 2026,Distinguished Contributor,"November 08, 2026",GEN-2026-0377,https://verify.certgen.io/view?id=GEN-2026-0377
Emma Wilson,emma.wilson378@example.org,Data Science & Analytics Leadership Bootcamp,Excellence in Leadership,"November 08, 2026",GEN-2026-0378,https://verify.certgen.io/view?id=GEN-2026-0378
Archduchess Katherine Smith,archduchess.katherine.smith379@example.org,Full-Stack Cloud Architecture Masterclass,Honors Graduate,"September 22, 2026",GEN-2026-0379,https://verify.certgen.io/view?id=GEN-2026-0379
David Kapoor,david.kapoor380@example.org,Full-Stack Cloud Architecture Masterclass,Honors Graduate,"November 08, 2026",GEN-2026-0380,https://verify.certgen.io/view?id=GEN-2026-0380
David Williams,david.williams381@example.org,Global AI & Machine Learning Summit 2026,Honors Graduate,"November 08, 2026",GEN-2026-0381,https://verify.certgen.io/view?id=GEN-2026-0381
Nathan Patel,nathan.patel382@example.org,International Software Engineering Symposium,Technical Keynote Presenter,"November 08, 2026",GEN-2026-0382,https://verify.certgen.io/view?id=GEN-2026-0382
Mei Taylor,mei.taylor383@example.org,International Software Engineering Symposium,Workshop Mentor,"November 08, 2026",GEN-2026-0383,https://verify.certgen.io/view?id=GEN-2026-0383
Samuel Lee,samuel.lee384@example.org,Data Science & Analytics Leadership Bootcamp,Honors Graduate,"October 15, 2026",GEN-2026-0384,https://verify.certgen.io/view?id=GEN-2026-0384
Ananya Perez,ananya.perez385@example.org,Cybersecurity & Threat Intelligence Forum,Workshop Mentor,"October 15, 2026",GEN-2026-0385,https://verify.certgen.io/view?id=GEN-2026-0385
Dr. Alistair Kim,alistair.kim386@example.org,International Software Engineering Symposium,Participant,"October 15, 2026",GEN-2026-0386,https://verify.certgen.io/view?id=GEN-2026-0386
Neha Davis,neha.davis387@example.org,Data Science & Analytics Leadership Bootcamp,1st Place Winner,"October 15, 2026",GEN-2026-0387,https://verify.certgen.io/view?id=GEN-2026-0387
Alexander Choudhury,alexander.choudhury388@example.org,Data Science & Analytics Leadership Bootcamp,Technical Keynote Presenter,"October 15, 2026",GEN-2026-0388,https://verify.certgen.io/view?id=GEN-2026-0388
Ananya Smith,ananya.smith389@example.org,Global AI & Machine Learning Summit 2026,Distinguished Contributor,"November 08, 2026",GEN-2026-0389,https://verify.certgen.io/view?id=GEN-2026-0389
Neha Martinez,neha.martinez390@example.org,Cybersecurity & Threat Intelligence Forum,Distinguished Contributor,"November 08, 2026",GEN-2026-0390,https://verify.certgen.io/view?id=GEN-2026-0390
Dr. Alistair Wang,alistair.wang391@example.org,Global AI & Machine Learning Summit 2026,1st Place Winner,"November 08, 2026",GEN-2026-0391,https://verify.certgen.io/view?id=GEN-2026-0391
Shreya Ivanov,shreya.ivanov392@example.org,Data Science & Analytics Leadership Bootcamp,Distinguished Contributor,"October 15, 2026",GEN-2026-0392,https://verify.certgen.io/view?id=GEN-2026-0392
Neha Gupta,neha.gupta393@example.org,Global AI & Machine Learning Summit 2026,1st Place Winner,"September 22, 2026",GEN-2026-0393,https://verify.certgen.io/view?id=GEN-2026-0393
Prof. Montgomery Lopez,montgomery.lopez394@example.org,Global AI & Machine Learning Summit 2026,Distinguished Contributor,"November 08, 2026",GEN-2026-0394,https://verify.certgen.io/view?id=GEN-2026-0394
Elena Chen,elena.chen395@example.org,Full-Stack Cloud Architecture Masterclass,Workshop Mentor,"October 15, 2026",GEN-2026-0395,https://verify.certgen.io/view?id=GEN-2026-0395
Mei Rao,mei.rao396@example.org,International Software Engineering Symposium,Distinguished Contributor,"September 22, 2026",GEN-2026-0396,https://verify.certgen.io/view?id=GEN-2026-0396
John Martin,john.martin397@example.org,Data Science & Analytics Leadership Bootcamp,1st Place Winner,"October 15, 2026",GEN-2026-0397,https://verify.certgen.io/view?id=GEN-2026-0397
Zoe Lopez,zoe.lopez398@example.org,International Software Engineering Symposium,Participant,"November 08, 2026",GEN-2026-0398,https://verify.certgen.io/view?id=GEN-2026-0398
Shreya Lopez,shreya.lopez399@example.org,Global AI & Machine Learning Summit 2026,Excellence in Leadership,"September 22, 2026",GEN-2026-0399,https://verify.certgen.io/view?id=GEN-2026-0399
Dr. Priya Taylor-Pembroke of Oxfordshire III,priya.taylorpembroke.of.oxfordshire.iii400@example.org,Cybersecurity & Threat Intelligence Forum,Excellence in Leadership,"October 15, 2026",GEN-2026-0400,https://verify.certgen.io/view?id=GEN-2026-0400
William Takahashi,william.takahashi401@example.org,International Software Engineering Symposium,Technical Keynote Presenter,"September 22, 2026",GEN-2026-0401,https://verify.certgen.io/view?id=GEN-2026-0401
Jasmine Deshmukh,jasmine.deshmukh402@example.org,International Software Engineering Symposium,Workshop Mentor,"September 22, 2026",GEN-2026-0402,https://verify.certgen.io/view?id=GEN-2026-0402
Jin Kumar,jin.kumar403@example.org,Cybersecurity & Threat Intelligence Forum,Honors Graduate,"November 08, 2026",GEN-2026-0403,https://verify.certgen.io/view?id=GEN-2026-0403
Victoria Deshmukh,victoria.deshmukh404@example.org,Data Science & Analytics Leadership Bootcamp,Distinguished Contributor,"October 15, 2026",GEN-2026-0404,https://verify.certgen.io/view?id=GEN-2026-0404
Shreya Yamamoto,shreya.yamamoto405@example.org,Data Science & Analytics Leadership Bootcamp,Technical Keynote Presenter,"September 22, 2026",GEN-2026-0405,https://verify.certgen.io/view?id=GEN-2026-0405
Sophia Thomas,sophia.thomas406@example.org,International Software Engineering Symposium,Participant,"November 08, 2026",GEN-2026-0406,https://verify.certgen.io/view?id=GEN-2026-0406
Sophia Muller,sophia.muller407@example.org,International Software Engineering Symposium,Excellence in Leadership,"September 22, 2026",GEN-2026-0407,https://verify.certgen.io/view?id=GEN-2026-0407
John Kumar,john.kumar408@example.org,Full-Stack Cloud Architecture Masterclass,Honors Graduate,"October 15, 2026",GEN-2026-0408,https://verify.certgen.io/view?id=GEN-2026-0408
Zoe Prakash,zoe.prakash409@example.org,Full-Stack Cloud Architecture Masterclass,Honors Graduate,"September 22, 2026",GEN-2026-0409,https://verify.certgen.io/view?id=GEN-2026-0409
David Davis,david.davis410@example.org,Data Science & Analytics Leadership Bootcamp,Technical Keynote Presenter,"September 22, 2026",GEN-2026-0410,https://verify.certgen.io/view?id=GEN-2026-0410
Neha Wilson,neha.wilson411@example.org,International Software Engineering Symposium,Technical Keynote Presenter,"November 08, 2026",GEN-2026-0411,https://verify.certgen.io/view?id=GEN-2026-0411
Noah Chen,noah.chen412@example.org,Data Science & Analytics Leadership Bootcamp,Technical Keynote Presenter,"November 08, 2026",GEN-2026-0412,https://verify.certgen.io/view?id=GEN-2026-0412
Daniel Sharma,daniel.sharma413@example.org,Cybersecurity & Threat Intelligence Forum,Honors Graduate,"September 22, 2026",GEN-2026-0413,https://verify.certgen.io/view?id=GEN-2026-0413
Elena Thomas,elena.thomas414@example.org,International Software Engineering Symposium,Technical Keynote Presenter,"September 22, 2026",GEN-2026-0414,https://verify.certgen.io/view?id=GEN-2026-0414
William Nakamura,william.nakamura415@example.org,Global AI & Machine Learning Summit 2026,1st Place Winner,"October 15, 2026",GEN-2026-0415,https://verify.certgen.io/view?id=GEN-2026-0415
Tariq Verma,tariq.verma416@example.org,Full-Stack Cloud Architecture Masterclass,1st Place Winner,"November 08, 2026",GEN-2026-0416,https://verify.certgen.io/view?id=GEN-2026-0416
Isabella Williams,isabella.williams417@example.org,Cybersecurity & Threat Intelligence Forum,Honors Graduate,"November 08, 2026",GEN-2026-0417,https://verify.certgen.io/view?id=GEN-2026-0417
Gabriel Kumar,gabriel.kumar418@example.org,Cybersecurity & Threat Intelligence Forum,Technical Keynote Presenter,"September 22, 2026",GEN-2026-0418,https://verify.certgen.io/view?id=GEN-2026-0418
John Taylor,john.taylor419@example.org,International Software Engineering Symposium,1st Place Winner,"October 15, 2026",GEN-2026-0419,https://verify.certgen.io/view?id=GEN-2026-0419
Zoe Kowalski,zoe.kowalski420@example.org,Cybersecurity & Threat Intelligence Forum,Distinguished Contributor,"November 08, 2026",GEN-2026-0420,https://verify.certgen.io/view?id=GEN-2026-0420
Lucas Hernandez,lucas.hernandez421@example.org,Full-Stack Cloud Architecture Masterclass,Technical Keynote Presenter,"November 08, 2026",GEN-2026-0421,https://verify.certgen.io/view?id=GEN-2026-0421
Daniel Kapoor,daniel.kapoor422@example.org,Global AI & Machine Learning Summit 2026,Workshop Mentor,"October 15, 2026",GEN-2026-0422,https://verify.certgen.io/view?id=GEN-2026-0422
John Rossi,john.rossi423@example.org,Global AI & Machine Learning Summit 2026,Workshop Mentor,"November 08, 2026",GEN-2026-0423,https://verify.certgen.io/view?id=GEN-2026-0423
Chloe Kowalski,chloe.kowalski424@example.org,Global AI & Machine Learning Summit 2026,Technical Keynote Presenter,"September 22, 2026",GEN-2026-0424,https://verify.certgen.io/view?id=GEN-2026-0424
Dr. Hassan Nakamura-Pembroke of Oxfordshire III,hassan.nakamurapembroke.of.oxfordshire.iii425@example.org,International Software Engineering Symposium,Honors Graduate,"October 15, 2026",GEN-2026-0425,https://verify.certgen.io/view?id=GEN-2026-0425
Benjamin Jha,benjamin.jha426@example.org,Cybersecurity & Threat Intelligence Forum,Excellence in Leadership,"September 22, 2026",GEN-2026-0426,https://verify.certgen.io/view?id=GEN-2026-0426
Lucas Choudhury,lucas.choudhury427@example.org,Cybersecurity & Threat Intelligence Forum,Distinguished Contributor,"October 15, 2026",GEN-2026-0427,https://verify.certgen.io/view?id=GEN-2026-0427
Gabriel Martinez,gabriel.martinez428@example.org,Global AI & Machine Learning Summit 2026,Excellence in Leadership,"September 22, 2026",GEN-2026-0428,https://verify.certgen.io/view?id=GEN-2026-0428
Aditi Lee,aditi.lee429@example.org,Global AI & Machine Learning Summit 2026,Technical Keynote Presenter,"November 08, 2026",GEN-2026-0429,https://verify.certgen.io/view?id=GEN-2026-0429
Shreya Lopez,shreya.lopez430@example.org,Full-Stack Cloud Architecture Masterclass,Honors Graduate,"September 22, 2026",GEN-2026-0430,https://verify.certgen.io/view?id=GEN-2026-0430
Isabella Perez,isabella.perez431@example.org,Full-Stack Cloud Architecture Masterclass,Technical Keynote Presenter,"November 08, 2026",GEN-2026-0431,https://verify.certgen.io/view?id=GEN-2026-0431
Mohammed Nakamura,mohammed.nakamura432@example.org,International Software Engineering Symposium,Participant,"September 22, 2026",GEN-2026-0432,https://verify.certgen.io/view?id=GEN-2026-0432
Aditi Kapoor,aditi.kapoor433@example.org,Full-Stack Cloud Architecture Masterclass,Technical Keynote Presenter,"September 22, 2026",GEN-2026-0433,https://verify.certgen.io/view?id=GEN-2026-0433
Priya Verma,priya.verma434@example.org,International Software Engineering Symposium,Distinguished Contributor,"October 15, 2026",GEN-2026-0434,https://verify.certgen.io/view?id=GEN-2026-0434
Chloe Wilson,chloe.wilson435@example.org,Data Science & Analytics Leadership Bootcamp,Honors Graduate,"October 15, 2026",GEN-2026-0435,https://verify.certgen.io/view?id=GEN-2026-0435
Chloe Choudhury,chloe.choudhury436@example.org,Full-Stack Cloud Architecture Masterclass,1st Place Winner,"November 08, 2026",GEN-2026-0436,https://verify.certgen.io/view?id=GEN-2026-0436
Dr. Alistair Silva,alistair.silva437@example.org,Cybersecurity & Threat Intelligence Forum,Participant,"September 22, 2026",GEN-2026-0437,https://verify.certgen.io/view?id=GEN-2026-0437
Nathan Sharma,nathan.sharma438@example.org,International Software Engineering Symposium,Participant,"November 08, 2026",GEN-2026-0438,https://verify.certgen.io/view?id=GEN-2026-0438
Neha Sato,neha.sato439@example.org,Full-Stack Cloud Architecture Masterclass,Workshop Mentor,"September 22, 2026",GEN-2026-0439,https://verify.certgen.io/view?id=GEN-2026-0439
Isabella Muller,isabella.muller440@example.org,Global AI & Machine Learning Summit 2026,Distinguished Contributor,"October 15, 2026",GEN-2026-0440,https://verify.certgen.io/view?id=GEN-2026-0440
Gabriel Sato,gabriel.sato441@example.org,Cybersecurity & Threat Intelligence Forum,Honors Graduate,"November 08, 2026",GEN-2026-0441,https://verify.certgen.io/view?id=GEN-2026-0441
Sophia Deshmukh,sophia.deshmukh442@example.org,International Software Engineering Symposium,Excellence in Leadership,"September 22, 2026",GEN-2026-0442,https://verify.certgen.io/view?id=GEN-2026-0442
Noah Rodriguez,noah.rodriguez443@example.org,International Software Engineering Symposium,Technical Keynote Presenter,"November 08, 2026",GEN-2026-0443,https://verify.certgen.io/view?id=GEN-2026-0443
Priya Banerjee,priya.banerjee444@example.org,Cybersecurity & Threat Intelligence Forum,Technical Keynote Presenter,"October 15, 2026",GEN-2026-0444,https://verify.certgen.io/view?id=GEN-2026-0444
Alexander Singh,alexander.singh445@example.org,Cybersecurity & Threat Intelligence Forum,Excellence in Leadership,"October 15, 2026",GEN-2026-0445,https://verify.certgen.io/view?id=GEN-2026-0445
Yuki Banerjee,yuki.banerjee446@example.org,Data Science & Analytics Leadership Bootcamp,Technical Keynote Presenter,"September 22, 2026",GEN-2026-0446,https://verify.certgen.io/view?id=GEN-2026-0446
Jin Johnson,jin.johnson447@example.org,Global AI & Machine Learning Summit 2026,Technical Keynote Presenter,"November 08, 2026",GEN-2026-0447,https://verify.certgen.io/view?id=GEN-2026-0447
Yuki Williams,yuki.williams448@example.org,Data Science & Analytics Leadership Bootcamp,Honors Graduate,"September 22, 2026",GEN-2026-0448,https://verify.certgen.io/view?id=GEN-2026-0448
Jin Rodriguez,jin.rodriguez449@example.org,Data Science & Analytics Leadership Bootcamp,Technical Keynote Presenter,"November 08, 2026",GEN-2026-0449,https://verify.certgen.io/view?id=GEN-2026-0449
Dr. Elena Wilson-Pembroke of Oxfordshire III,elena.wilsonpembroke.of.oxfordshire.iii450@example.org,Cybersecurity & Threat Intelligence Forum,Workshop Mentor,"October 15, 2026",GEN-2026-0450,https://verify.certgen.io/view?id=GEN-2026-0450
Sara Ibrahim,sara.ibrahim451@example.org,Full-Stack Cloud Architecture Masterclass,Participant,"November 08, 2026",GEN-2026-0451,https://verify.certgen.io/view?id=GEN-2026-0451
Zoe Patel,zoe.patel452@example.org,Global AI & Machine Learning Summit 2026,Excellence in Leadership,"September 22, 2026",GEN-2026-0452,https://verify.certgen.io/view?id=GEN-2026-0452
Alexander Yamamoto,alexander.yamamoto453@example.org,Full-Stack Cloud Architecture Masterclass,Participant,"October 15, 2026",GEN-2026-0453,https://verify.certgen.io/view?id=GEN-2026-0453
Jack Rahman,jack.rahman454@example.org,Cybersecurity & Threat Intelligence Forum,Technical Keynote Presenter,"November 08, 2026",GEN-2026-0454,https://verify.certgen.io/view?id=GEN-2026-0454
Mohammed Kapoor,mohammed.kapoor455@example.org,Global AI & Machine Learning Summit 2026,Technical Keynote Presenter,"November 08, 2026",GEN-2026-0455,https://verify.certgen.io/view?id=GEN-2026-0455
Emma Kowalski,emma.kowalski456@example.org,Data Science & Analytics Leadership Bootcamp,Technical Keynote Presenter,"September 22, 2026",GEN-2026-0456,https://verify.certgen.io/view?id=GEN-2026-0456
Shreya Lopez,shreya.lopez457@example.org,Data Science & Analytics Leadership Bootcamp,Participant,"October 15, 2026",GEN-2026-0457,https://verify.certgen.io/view?id=GEN-2026-0457
Maya Miller,maya.miller458@example.org,Cybersecurity & Threat Intelligence Forum,1st Place Winner,"October 15, 2026",GEN-2026-0458,https://verify.certgen.io/view?id=GEN-2026-0458
Elena Prakash,elena.prakash459@example.org,Cybersecurity & Threat Intelligence Forum,Excellence in Leadership,"November 08, 2026",GEN-2026-0459,https://verify.certgen.io/view?id=GEN-2026-0459
Hassan Zhang,hassan.zhang460@example.org,Global AI & Machine Learning Summit 2026,Workshop Mentor,"October 15, 2026",GEN-2026-0460,https://verify.certgen.io/view?id=GEN-2026-0460
Benjamin Muller,benjamin.muller461@example.org,International Software Engineering Symposium,Technical Keynote Presenter,"September 22, 2026",GEN-2026-0461,https://verify.certgen.io/view?id=GEN-2026-0461
Olivia Kowalski,olivia.kowalski462@example.org,Data Science & Analytics Leadership Bootcamp,Participant,"September 22, 2026",GEN-2026-0462,https://verify.certgen.io/view?id=GEN-2026-0462
James Takahashi,james.takahashi463@example.org,Data Science & Analytics Leadership Bootcamp,Excellence in Leadership,"October 15, 2026",GEN-2026-0463,https://verify.certgen.io/view?id=GEN-2026-0463
Samantha Vargas,samantha.vargas464@example.org,Cybersecurity & Threat Intelligence Forum,Honors Graduate,"November 08, 2026",GEN-2026-0464,https://verify.certgen.io/view?id=GEN-2026-0464
Mei Malhotra,mei.malhotra465@example.org,Cybersecurity & Threat Intelligence Forum,Participant,"November 08, 2026",GEN-2026-0465,https://verify.certgen.io/view?id=GEN-2026-0465
Jin Silva,jin.silva466@example.org,Cybersecurity & Threat Intelligence Forum,Excellence in Leadership,"November 08, 2026",GEN-2026-0466,https://verify.certgen.io/view?id=GEN-2026-0466
Dr. Alistair Choudhury,alistair.choudhury467@example.org,Global AI & Machine Learning Summit 2026,Workshop Mentor,"November 08, 2026",GEN-2026-0467,https://verify.certgen.io/view?id=GEN-2026-0467
Liam Martin,liam.martin468@example.org,International Software Engineering Symposium,Technical Keynote Presenter,"November 08, 2026",GEN-2026-0468,https://verify.certgen.io/view?id=GEN-2026-0468
Tariq Hernandez,tariq.hernandez469@example.org,Global AI & Machine Learning Summit 2026,Honors Graduate,"November 08, 2026",GEN-2026-0469,https://verify.certgen.io/view?id=GEN-2026-0469
Tariq Yamamoto,tariq.yamamoto470@example.org,Cybersecurity & Threat Intelligence Forum,Participant,"September 22, 2026",GEN-2026-0470,https://verify.certgen.io/view?id=GEN-2026-0470
Ananya Johnson,ananya.johnson471@example.org,Data Science & Analytics Leadership Bootcamp,Excellence in Leadership,"October 15, 2026",GEN-2026-0471,https://verify.certgen.io/view?id=GEN-2026-0471
Rahul Chen,rahul.chen472@example.org,International Software Engineering Symposium,Honors Graduate,"November 08, 2026",GEN-2026-0472,https://verify.certgen.io/view?id=GEN-2026-0472
Mei Martin,mei.martin473@example.org,Data Science & Analytics Leadership Bootcamp,1st Place Winner,"September 22, 2026",GEN-2026-0473,https://verify.certgen.io/view?id=GEN-2026-0473
Rahul Garcia,rahul.garcia474@example.org,International Software Engineering Symposium,Excellence in Leadership,"October 15, 2026",GEN-2026-0474,https://verify.certgen.io/view?id=GEN-2026-0474
Dr. James Smith-Pembroke of Oxfordshire III,james.smithpembroke.of.oxfordshire.iii475@example.org,Data Science & Analytics Leadership Bootcamp,Honors Graduate,"September 22, 2026",GEN-2026-0475,https://verify.certgen.io/view?id=GEN-2026-0475
Aditi Wang,aditi.wang476@example.org,Full-Stack Cloud Architecture Masterclass,1st Place Winner,"November 08, 2026",GEN-2026-0476,https://verify.certgen.io/view?id=GEN-2026-0476
Kavya Rossi,kavya.rossi477@example.org,Global AI & Machine Learning Summit 2026,Excellence in Leadership,"October 15, 2026",GEN-2026-0477,https://verify.certgen.io/view?id=GEN-2026-0477
Victoria Nakamura,victoria.nakamura478@example.org,Full-Stack Cloud Architecture Masterclass,Distinguished Contributor,"October 15, 2026",GEN-2026-0478,https://verify.certgen.io/view?id=GEN-2026-0478
Thomas Prakash,thomas.prakash479@example.org,Full-Stack Cloud Architecture Masterclass,Participant,"September 22, 2026",GEN-2026-0479,https://verify.certgen.io/view?id=GEN-2026-0479
Ananya Nakamura,ananya.nakamura480@example.org,Full-Stack Cloud Architecture Masterclass,Workshop Mentor,"October 15, 2026",GEN-2026-0480,https://verify.certgen.io/view?id=GEN-2026-0480
Benjamin Zhang,benjamin.zhang481@example.org,Data Science & Analytics Leadership Bootcamp,Workshop Mentor,"October 15, 2026",GEN-2026-0481,https://verify.certgen.io/view?id=GEN-2026-0481
Victoria Davis,victoria.davis482@example.org,International Software Engineering Symposium,Distinguished Contributor,"October 15, 2026",GEN-2026-0482,https://verify.certgen.io/view?id=GEN-2026-0482
Jack Hernandez,jack.hernandez483@example.org,Full-Stack Cloud Architecture Masterclass,Technical Keynote Presenter,"October 15, 2026",GEN-2026-0483,https://verify.certgen.io/view?id=GEN-2026-0483
Neha Jha,neha.jha484@example.org,Global AI & Machine Learning Summit 2026,Honors Graduate,"September 22, 2026",GEN-2026-0484,https://verify.certgen.io/view?id=GEN-2026-0484
Gabriel Yamamoto,gabriel.yamamoto485@example.org,Cybersecurity & Threat Intelligence Forum,Participant,"October 15, 2026",GEN-2026-0485,https://verify.certgen.io/view?id=GEN-2026-0485
Priya Sato,priya.sato486@example.org,Data Science & Analytics Leadership Bootcamp,1st Place Winner,"November 08, 2026",GEN-2026-0486,https://verify.certgen.io/view?id=GEN-2026-0486
Daniel Silva,daniel.silva487@example.org,Global AI & Machine Learning Summit 2026,Participant,"October 15, 2026",GEN-2026-0487,https://verify.certgen.io/view?id=GEN-2026-0487
Liam Vargas,liam.vargas488@example.org,Cybersecurity & Threat Intelligence Forum,Distinguished Contributor,"October 15, 2026",GEN-2026-0488,https://verify.certgen.io/view?id=GEN-2026-0488
Zoe Mishra,zoe.mishra489@example.org,International Software Engineering Symposium,Participant,"September 22, 2026",GEN-2026-0489,https://verify.certgen.io/view?id=GEN-2026-0489
James Smith,james.smith490@example.org,Global AI & Machine Learning Summit 2026,1st Place Winner,"October 15, 2026",GEN-2026-0490,https://verify.certgen.io/view?id=GEN-2026-0490
Tariq Rao,tariq.rao491@example.org,Data Science & Analytics Leadership Bootcamp,Honors Graduate,"November 08, 2026",GEN-2026-0491,https://verify.certgen.io/view?id=GEN-2026-0491
Sara Schneider,sara.schneider492@example.org,Full-Stack Cloud Architecture Masterclass,Technical Keynote Presenter,"September 22, 2026",GEN-2026-0492,https://verify.certgen.io/view?id=GEN-2026-0492
Maya Rahman,maya.rahman493@example.org,Global AI & Machine Learning Summit 2026,Technical Keynote Presenter,"September 22, 2026",GEN-2026-0493,https://verify.certgen.io/view?id=GEN-2026-0493
Noah Gupta,noah.gupta494@example.org,Data Science & Analytics Leadership Bootcamp,Honors Graduate,"September 22, 2026",GEN-2026-0494,https://verify.certgen.io/view?id=GEN-2026-0494
James Vargas,james.vargas495@example.org,Full-Stack Cloud Architecture Masterclass,Excellence in Leadership,"November 08, 2026",GEN-2026-0495,https://verify.certgen.io/view?id=GEN-2026-0495
Isabella Deshmukh,isabella.deshmukh496@example.org,Data Science & Analytics Leadership Bootcamp,Honors Graduate,"November 08, 2026",GEN-2026-0496,https://verify.certgen.io/view?id=GEN-2026-0496
Priya Kim,priya.kim497@example.org,Full-Stack Cloud Architecture Masterclass,Workshop Mentor,"October 15, 2026",GEN-2026-0497,https://verify.certgen.io/view?id=GEN-2026-0497
Samuel Rodriguez,samuel.rodriguez498@example.org,Global AI & Machine Learning Summit 2026,Distinguished Contributor,"November 08, 2026",GEN-2026-0498,https://verify.certgen.io/view?id=GEN-2026-0498
Divya Schneider,divya.schneider499@example.org,International Software Engineering Symposium,Honors Graduate,"September 22, 2026",GEN-2026-0499,https://verify.certgen.io/view?id=GEN-2026-0499
Dr. Sophia Silva-Pembroke of Oxfordshire III,sophia.silvapembroke.of.oxfordshire.iii500@example.org,International Software Engineering Symposium,Excellence in Leadership,"November 08, 2026",GEN-2026-0500,https://verify.certgen.io/view?id=GEN-2026-0500
Alexander Montgomery-Fitzgerald-Smith,alexander.montgomeryfitzgeraldsmith501@example.org,Global AI & Machine Learning Summit 2026,Participant,"September 22, 2026",GEN-2026-0501,https://verify.certgen.io/view?id=GEN-2026-0501
Shreya Wilson,shreya.wilson502@example.org,International Software Engineering Symposium,Excellence in Leadership,"November 08, 2026",GEN-2026-0502,https://verify.certgen.io/view?id=GEN-2026-0502
Ethan Wilson,ethan.wilson503@example.org,International Software Engineering Symposium,1st Place Winner,"November 08, 2026",GEN-2026-0503,https://verify.certgen.io/view?id=GEN-2026-0503
Sara Banerjee,sara.banerjee504@example.org,Cybersecurity & Threat Intelligence Forum,Workshop Mentor,"November 08, 2026",GEN-2026-0504,https://verify.certgen.io/view?id=GEN-2026-0504
Isabella Smith,isabella.smith505@example.org,Data Science & Analytics Leadership Bootcamp,1st Place Winner,"September 22, 2026",GEN-2026-0505,https://verify.certgen.io/view?id=GEN-2026-0505
Prof. Montgomery Zhang,montgomery.zhang506@example.org,Cybersecurity & Threat Intelligence Forum,Excellence in Leadership,"October 15, 2026",GEN-2026-0506,https://verify.certgen.io/view?id=GEN-2026-0506
Ananya Thomas,ananya.thomas507@example.org,Global AI & Machine Learning Summit 2026,Honors Graduate,"October 15, 2026",GEN-2026-0507,https://verify.certgen.io/view?id=GEN-2026-0507
Lucas Perez,lucas.perez508@example.org,Cybersecurity & Threat Intelligence Forum,Honors Graduate,"October 15, 2026",GEN-2026-0508,https://verify.certgen.io/view?id=GEN-2026-0508
Samantha Gupta,samantha.gupta509@example.org,Data Science & Analytics Leadership Bootcamp,Technical Keynote Presenter,"November 08, 2026",GEN-2026-0509,https://verify.certgen.io/view?id=GEN-2026-0509
James Verma,james.verma510@example.org,Data Science & Analytics Leadership Bootcamp,1st Place Winner,"September 22, 2026",GEN-2026-0510,https://verify.certgen.io/view?id=GEN-2026-0510
Zainab Martin,zainab.martin511@example.org,International Software Engineering Symposium,Distinguished Contributor,"September 22, 2026",GEN-2026-0511,https://verify.certgen.io/view?id=GEN-2026-0511
James Johnson,james.johnson512@example.org,Cybersecurity & Threat Intelligence Forum,Participant,"October 15, 2026",GEN-2026-0512,https://verify.certgen.io/view?id=GEN-2026-0512
Mei Johnson,mei.johnson513@example.org,Full-Stack Cloud Architecture Masterclass,Participant,"September 22, 2026",GEN-2026-0513,https://verify.certgen.io/view?id=GEN-2026-0513
Isabella Martinez,isabella.martinez514@example.org,International Software Engineering Symposium,1st Place Winner,"September 22, 2026",GEN-2026-0514,https://verify.certgen.io/view?id=GEN-2026-0514
Divya Montgomery-Fitzgerald-Smith,divya.montgomeryfitzgeraldsmith515@example.org,Data Science & Analytics Leadership Bootcamp,Distinguished Contributor,"November 08, 2026",GEN-2026-0515,https://verify.certgen.io/view?id=GEN-2026-0515
James Ivanov,james.ivanov516@example.org,Full-Stack Cloud Architecture Masterclass,1st Place Winner,"November 08, 2026",GEN-2026-0516,https://verify.certgen.io/view?id=GEN-2026-0516
Michael Prakash,michael.prakash517@example.org,Data Science & Analytics Leadership Bootcamp,1st Place Winner,"September 22, 2026",GEN-2026-0517,https://verify.certgen.io/view?id=GEN-2026-0517
Benjamin Miller,benjamin.miller518@example.org,International Software Engineering Symposium,1st Place Winner,"September 22, 2026",GEN-2026-0518,https://verify.certgen.io/view?id=GEN-2026-0518
Ethan Schneider,ethan.schneider519@example.org,Data Science & Analytics Leadership Bootcamp,Participant,"September 22, 2026",GEN-2026-0519,https://verify.certgen.io/view?id=GEN-2026-0519
Isabella Prakash,isabella.prakash520@example.org,International Software Engineering Symposium,Technical Keynote Presenter,"November 08, 2026",GEN-2026-0520,https://verify.certgen.io/view?id=GEN-2026-0520
Tariq Perez,tariq.perez521@example.org,Data Science & Analytics Leadership Bootcamp,Distinguished Contributor,"September 22, 2026",GEN-2026-0521,https://verify.certgen.io/view?id=GEN-2026-0521
Carlos Muller,carlos.muller522@example.org,Full-Stack Cloud Architecture Masterclass,Excellence in Leadership,"November 08, 2026",GEN-2026-0522,https://verify.certgen.io/view?id=GEN-2026-0522
John Williams,john.williams523@example.org,Cybersecurity & Threat Intelligence Forum,Excellence in Leadership,"September 22, 2026",GEN-2026-0523,https://verify.certgen.io/view?id=GEN-2026-0523
Liam Choudhury,liam.choudhury524@example.org,International Software Engineering Symposium,Distinguished Contributor,"September 22, 2026",GEN-2026-0524,https://verify.certgen.io/view?id=GEN-2026-0524
Dr. John Rossi-Pembroke of Oxfordshire III,john.rossipembroke.of.oxfordshire.iii525@example.org,Data Science & Analytics Leadership Bootcamp,Participant,"October 15, 2026",GEN-2026-0525,https://verify.certgen.io/view?id=GEN-2026-0525
Neha Nakamura,neha.nakamura526@example.org,International Software Engineering Symposium,Excellence in Leadership,"November 08, 2026",GEN-2026-0526,https://verify.certgen.io/view?id=GEN-2026-0526
Tariq Silva,tariq.silva527@example.org,Global AI & Machine Learning Summit 2026,Honors Graduate,"September 22, 2026",GEN-2026-0527,https://verify.certgen.io/view?id=GEN-2026-0527
Liam Martin,liam.martin528@example.org,Data Science & Analytics Leadership Bootcamp,Distinguished Contributor,"October 15, 2026",GEN-2026-0528,https://verify.certgen.io/view?id=GEN-2026-0528
Zainab Gupta,zainab.gupta529@example.org,Full-Stack Cloud Architecture Masterclass,Distinguished Contributor,"November 08, 2026",GEN-2026-0529,https://verify.certgen.io/view?id=GEN-2026-0529
Liam Rahman,liam.rahman530@example.org,Global AI & Machine Learning Summit 2026,Participant,"September 22, 2026",GEN-2026-0530,https://verify.certgen.io/view?id=GEN-2026-0530
Daniel Vargas,daniel.vargas531@example.org,Data Science & Analytics Leadership Bootcamp,Technical Keynote Presenter,"October 15, 2026",GEN-2026-0531,https://verify.certgen.io/view?id=GEN-2026-0531
Noah Patel,noah.patel532@example.org,Full-Stack Cloud Architecture Masterclass,Distinguished Contributor,"November 08, 2026",GEN-2026-0532,https://verify.certgen.io/view?id=GEN-2026-0532
Daniel Lee,daniel.lee533@example.org,International Software Engineering Symposium,Excellence in Leadership,"September 22, 2026",GEN-2026-0533,https://verify.certgen.io/view?id=GEN-2026-0533
Liam Silva,liam.silva534@example.org,Data Science & Analytics Leadership Bootcamp,Distinguished Contributor,"October 15, 2026",GEN-2026-0534,https://verify.certgen.io/view?id=GEN-2026-0534
Neha Rahman,neha.rahman535@example.org,International Software Engineering Symposium,1st Place Winner,"November 08, 2026",GEN-2026-0535,https://verify.certgen.io/view?id=GEN-2026-0535
Rahul Kumar,rahul.kumar536@example.org,Cybersecurity & Threat Intelligence Forum,Technical Keynote Presenter,"September 22, 2026",GEN-2026-0536,https://verify.certgen.io/view?id=GEN-2026-0536
John Lopez,john.lopez537@example.org,Global AI & Machine Learning Summit 2026,1st Place Winner,"November 08, 2026",GEN-2026-0537,https://verify.certgen.io/view?id=GEN-2026-0537
Jack Yamamoto,jack.yamamoto538@example.org,Global AI & Machine Learning Summit 2026,Distinguished Contributor,"October 15, 2026",GEN-2026-0538,https://verify.certgen.io/view?id=GEN-2026-0538
Grace Smith,grace.smith539@example.org,International Software Engineering Symposium,Distinguished Contributor,"September 22, 2026",GEN-2026-0539,https://verify.certgen.io/view?id=GEN-2026-0539
William Choudhury,william.choudhury540@example.org,International Software Engineering Symposium,1st Place Winner,"September 22, 2026",GEN-2026-0540,https://verify.certgen.io/view?id=GEN-2026-0540
Noah Singh,noah.singh541@example.org,International Software Engineering Symposium,Technical Keynote Presenter,"October 15, 2026",GEN-2026-0541,https://verify.certgen.io/view?id=GEN-2026-0541
David Montgomery-Fitzgerald-Smith,david.montgomeryfitzgeraldsmith542@example.org,Full-Stack Cloud Architecture Masterclass,Participant,"November 08, 2026",GEN-2026-0542,https://verify.certgen.io/view?id=GEN-2026-0542
Thomas Fernandez,thomas.fernandez543@example.org,Full-Stack Cloud Architecture Masterclass,Participant,"October 15, 2026",GEN-2026-0543,https://verify.certgen.io/view?id=GEN-2026-0543
James Mishra,james.mishra544@example.org,Full-Stack Cloud Architecture Masterclass,1st Place Winner,"November 08, 2026",GEN-2026-0544,https://verify.certgen.io/view?id=GEN-2026-0544
Ethan Mishra,ethan.mishra545@example.org,International Software Engineering Symposium,Technical Keynote Presenter,"November 08, 2026",GEN-2026-0545,https://verify.certgen.io/view?id=GEN-2026-0545
Mohammed Wang,mohammed.wang546@example.org,Global AI & Machine Learning Summit 2026,Workshop Mentor,"September 22, 2026",GEN-2026-0546,https://verify.certgen.io/view?id=GEN-2026-0546
Noah Jackson,noah.jackson547@example.org,International Software Engineering Symposium,Excellence in Leadership,"November 08, 2026",GEN-2026-0547,https://verify.certgen.io/view?id=GEN-2026-0547
Mohammed Rao,mohammed.rao548@example.org,Cybersecurity & Threat Intelligence Forum,Excellence in Leadership,"September 22, 2026",GEN-2026-0548,https://verify.certgen.io/view?id=GEN-2026-0548
Michael Rodriguez,michael.rodriguez549@example.org,Data Science & Analytics Leadership Bootcamp,Distinguished Contributor,"October 15, 2026",GEN-2026-0549,https://verify.certgen.io/view?id=GEN-2026-0549
Dr. Tariq Wilson-Pembroke of Oxfordshire III,tariq.wilsonpembroke.of.oxfordshire.iii550@example.org,Data Science & Analytics Leadership Bootcamp,Distinguished Contributor,"October 15, 2026",GEN-2026-0550,https://verify.certgen.io/view?id=GEN-2026-0550
Emma Johnson,emma.johnson551@example.org,Data Science & Analytics Leadership Bootcamp,Distinguished Contributor,"October 15, 2026",GEN-2026-0551,https://verify.certgen.io/view?id=GEN-2026-0551
Fatima Kumar,fatima.kumar552@example.org,Data Science & Analytics Leadership Bootcamp,Workshop Mentor,"September 22, 2026",GEN-2026-0552,https://verify.certgen.io/view?id=GEN-2026-0552
Thomas Vargas,thomas.vargas553@example.org,Cybersecurity & Threat Intelligence Forum,Excellence in Leadership,"October 15, 2026",GEN-2026-0553,https://verify.certgen.io/view?id=GEN-2026-0553
Jin Rossi,jin.rossi554@example.org,Data Science & Analytics Leadership Bootcamp,Excellence in Leadership,"September 22, 2026",GEN-2026-0554,https://verify.certgen.io/view?id=GEN-2026-0554
Rahul Taylor,rahul.taylor555@example.org,International Software Engineering Symposium,1st Place Winner,"October 15, 2026",GEN-2026-0555,https://verify.certgen.io/view?id=GEN-2026-0555
Archduchess Katherine Malhotra,archduchess.katherine.malhotra556@example.org,Full-Stack Cloud Architecture Masterclass,Excellence in Leadership,"September 22, 2026",GEN-2026-0556,https://verify.certgen.io/view?id=GEN-2026-0556
Isabella Vargas,isabella.vargas557@example.org,Global AI & Machine Learning Summit 2026,Excellence in Leadership,"October 15, 2026",GEN-2026-0557,https://verify.certgen.io/view?id=GEN-2026-0557
Shreya Kapoor,shreya.kapoor558@example.org,Cybersecurity & Threat Intelligence Forum,Honors Graduate,"September 22, 2026",GEN-2026-0558,https://verify.certgen.io/view?id=GEN-2026-0558
Archduchess Katherine Rodriguez,archduchess.katherine.rodriguez559@example.org,Data Science & Analytics Leadership Bootcamp,Distinguished Contributor,"November 08, 2026",GEN-2026-0559,https://verify.certgen.io/view?id=GEN-2026-0559
Hassan Garcia,hassan.garcia560@example.org,Global AI & Machine Learning Summit 2026,Distinguished Contributor,"November 08, 2026",GEN-2026-0560,https://verify.certgen.io/view?id=GEN-2026-0560
Rohan Johnson,rohan.johnson561@example.org,Full-Stack Cloud Architecture Masterclass,Participant,"November 08, 2026",GEN-2026-0561,https://verify.certgen.io/view?id=GEN-2026-0561
Noah Jha,noah.jha562@example.org,Full-Stack Cloud Architecture Masterclass,Participant,"September 22, 2026",GEN-2026-0562,https://verify.certgen.io/view?id=GEN-2026-0562
Lucas Lopez,lucas.lopez563@example.org,Cybersecurity & Threat Intelligence Forum,Participant,"November 08, 2026",GEN-2026-0563,https://verify.certgen.io/view?id=GEN-2026-0563
Zoe Garcia,zoe.garcia564@example.org,Global AI & Machine Learning Summit 2026,Distinguished Contributor,"September 22, 2026",GEN-2026-0564,https://verify.certgen.io/view?id=GEN-2026-0564
Lucas Smith,lucas.smith565@example.org,Cybersecurity & Threat Intelligence Forum,1st Place Winner,"November 08, 2026",GEN-2026-0565,https://verify.certgen.io/view?id=GEN-2026-0565
Emma Williams,emma.williams566@example.org,Data Science & Analytics Leadership Bootcamp,Excellence in Leadership,"October 15, 2026",GEN-2026-0566,https://verify.certgen.io/view?id=GEN-2026-0566
Shreya Choudhury,shreya.choudhury567@example.org,Global AI & Machine Learning Summit 2026,Workshop Mentor,"November 08, 2026",GEN-2026-0567,https://verify.certgen.io/view?id=GEN-2026-0567
Fatima Rodriguez,fatima.rodriguez568@example.org,Global AI & Machine Learning Summit 2026,Honors Graduate,"October 15, 2026",GEN-2026-0568,https://verify.certgen.io/view?id=GEN-2026-0568
Elena Chen,elena.chen569@example.org,Cybersecurity & Threat Intelligence Forum,Technical Keynote Presenter,"October 15, 2026",GEN-2026-0569,https://verify.certgen.io/view?id=GEN-2026-0569
Elena Wang,elena.wang570@example.org,Data Science & Analytics Leadership Bootcamp,Participant,"September 22, 2026",GEN-2026-0570,https://verify.certgen.io/view?id=GEN-2026-0570
Jack Sato,jack.sato571@example.org,International Software Engineering Symposium,Participant,"October 15, 2026",GEN-2026-0571,https://verify.certgen.io/view?id=GEN-2026-0571
Isabella Patel,isabella.patel572@example.org,International Software Engineering Symposium,Distinguished Contributor,"October 15, 2026",GEN-2026-0572,https://verify.certgen.io/view?id=GEN-2026-0572
Daniel Rahman,daniel.rahman573@example.org,Cybersecurity & Threat Intelligence Forum,Excellence in Leadership,"September 22, 2026",GEN-2026-0573,https://verify.certgen.io/view?id=GEN-2026-0573
Prof. Montgomery Fernandez,montgomery.fernandez574@example.org,Data Science & Analytics Leadership Bootcamp,Honors Graduate,"November 08, 2026",GEN-2026-0574,https://verify.certgen.io/view?id=GEN-2026-0574
Dr. Michael Smith-Pembroke of Oxfordshire III,michael.smithpembroke.of.oxfordshire.iii575@example.org,Data Science & Analytics Leadership Bootcamp,Workshop Mentor,"September 22, 2026",GEN-2026-0575,https://verify.certgen.io/view?id=GEN-2026-0575
Aarav Wang,aarav.wang576@example.org,Data Science & Analytics Leadership Bootcamp,Technical Keynote Presenter,"October 15, 2026",GEN-2026-0576,https://verify.certgen.io/view?id=GEN-2026-0576
Rahul Taylor,rahul.taylor577@example.org,Full-Stack Cloud Architecture Masterclass,Honors Graduate,"November 08, 2026",GEN-2026-0577,https://verify.certgen.io/view?id=GEN-2026-0577
Sara Miller,sara.miller578@example.org,Cybersecurity & Threat Intelligence Forum,Distinguished Contributor,"October 15, 2026",GEN-2026-0578,https://verify.certgen.io/view?id=GEN-2026-0578
Benjamin Miller,benjamin.miller579@example.org,Global AI & Machine Learning Summit 2026,Honors Graduate,"September 22, 2026",GEN-2026-0579,https://verify.certgen.io/view?id=GEN-2026-0579
Mohammed Lee,mohammed.lee580@example.org,Full-Stack Cloud Architecture Masterclass,Participant,"October 15, 2026",GEN-2026-0580,https://verify.certgen.io/view?id=GEN-2026-0580
Kavya Johnson,kavya.johnson581@example.org,Cybersecurity & Threat Intelligence Forum,Technical Keynote Presenter,"October 15, 2026",GEN-2026-0581,https://verify.certgen.io/view?id=GEN-2026-0581
Jasmine Kumar,jasmine.kumar582@example.org,International Software Engineering Symposium,Workshop Mentor,"November 08, 2026",GEN-2026-0582,https://verify.certgen.io/view?id=GEN-2026-0582
Aarav Kapoor,aarav.kapoor583@example.org,Data Science & Analytics Leadership Bootcamp,Workshop Mentor,"September 22, 2026",GEN-2026-0583,https://verify.certgen.io/view?id=GEN-2026-0583
Amara Takahashi,amara.takahashi584@example.org,Global AI & Machine Learning Summit 2026,1st Place Winner,"October 15, 2026",GEN-2026-0584,https://verify.certgen.io/view?id=GEN-2026-0584
Divya Miller,divya.miller585@example.org,International Software Engineering Symposium,Workshop Mentor,"October 15, 2026",GEN-2026-0585,https://verify.certgen.io/view?id=GEN-2026-0585
Thomas Fernandez,thomas.fernandez586@example.org,Data Science & Analytics Leadership Bootcamp,Excellence in Leadership,"November 08, 2026",GEN-2026-0586,https://verify.certgen.io/view?id=GEN-2026-0586
Fatima Jha,fatima.jha587@example.org,Full-Stack Cloud Architecture Masterclass,1st Place Winner,"September 22, 2026",GEN-2026-0587,https://verify.certgen.io/view?id=GEN-2026-0587
Michael Wang,michael.wang588@example.org,International Software Engineering Symposium,Excellence in Leadership,"October 15, 2026",GEN-2026-0588,https://verify.certgen.io/view?id=GEN-2026-0588
Thomas Rossi,thomas.rossi589@example.org,Cybersecurity & Threat Intelligence Forum,Technical Keynote Presenter,"November 08, 2026",GEN-2026-0589,https://verify.certgen.io/view?id=GEN-2026-0589
Prof. Montgomery Takahashi,montgomery.takahashi590@example.org,Full-Stack Cloud Architecture Masterclass,Technical Keynote Presenter,"September 22, 2026",GEN-2026-0590,https://verify.certgen.io/view?id=GEN-2026-0590
Tariq Williams,tariq.williams591@example.org,International Software Engineering Symposium,Technical Keynote Presenter,"September 22, 2026",GEN-2026-0591,https://verify.certgen.io/view?id=GEN-2026-0591
Noah Nakamura,noah.nakamura592@example.org,International Software Engineering Symposium,Workshop Mentor,"October 15, 2026",GEN-2026-0592,https://verify.certgen.io/view?id=GEN-2026-0592
Ananya Sato,ananya.sato593@example.org,Global AI & Machine Learning Summit 2026,Participant,"November 08, 2026",GEN-2026-0593,https://verify.certgen.io/view?id=GEN-2026-0593
Neha Ivanov,neha.ivanov594@example.org,International Software Engineering Symposium,Distinguished Contributor,"September 22, 2026",GEN-2026-0594,https://verify.certgen.io/view?id=GEN-2026-0594
Divya Lee,divya.lee595@example.org,International Software Engineering Symposium,1st Place Winner,"September 22, 2026",GEN-2026-0595,https://verify.certgen.io/view?id=GEN-2026-0595
Tariq Jackson,tariq.jackson596@example.org,International Software Engineering Symposium,1st Place Winner,"September 22, 2026",GEN-2026-0596,https://verify.certgen.io/view?id=GEN-2026-0596
Neha Nakamura,neha.nakamura597@example.org,Global AI & Machine Learning Summit 2026,1st Place Winner,"September 22, 2026",GEN-2026-0597,https://verify.certgen.io/view?id=GEN-2026-0597
Neha Mishra,neha.mishra598@example.org,Cybersecurity & Threat Intelligence Forum,Distinguished Contributor,"September 22, 2026",GEN-2026-0598,https://verify.certgen.io/view?id=GEN-2026-0598
Priya Patel,priya.patel599@example.org,Data Science & Analytics Leadership Bootcamp,Workshop Mentor,"September 22, 2026",GEN-2026-0599,https://verify.certgen.io/view?id=GEN-2026-0599
Dr. Liam Kapoor-Pembroke of Oxfordshire III,liam.kapoorpembroke.of.oxfordshire.iii600@example.org,Global AI & Machine Learning Summit 2026,Workshop Mentor,"September 22, 2026",GEN-2026-0600,https://verify.certgen.io/view?id=GEN-2026-0600
Rohan Davis,rohan.davis601@example.org,Global AI & Machine Learning Summit 2026,1st Place Winner,"October 15, 2026",GEN-2026-0601,https://verify.certgen.io/view?id=GEN-2026-0601
Thomas Davis,thomas.davis602@example.org,International Software Engineering Symposium,Participant,"September 22, 2026",GEN-2026-0602,https://verify.certgen.io/view?id=GEN-2026-0602
Mohammed Chen,mohammed.chen603@example.org,Data Science & Analytics Leadership Bootcamp,1st Place Winner,"September 22, 2026",GEN-2026-0603,https://verify.certgen.io/view?id=GEN-2026-0603
Zoe Garcia,zoe.garcia604@example.org,Cybersecurity & Threat Intelligence Forum,Excellence in Leadership,"October 15, 2026",GEN-2026-0604,https://verify.certgen.io/view?id=GEN-2026-0604
Mei Martinez,mei.martinez605@example.org,Cybersecurity & Threat Intelligence Forum,Participant,"November 08, 2026",GEN-2026-0605,https://verify.certgen.io/view?id=GEN-2026-0605
Sophia Rodriguez,sophia.rodriguez606@example.org,Full-Stack Cloud Architecture Masterclass,Workshop Mentor,"October 15, 2026",GEN-2026-0606,https://verify.certgen.io/view?id=GEN-2026-0606
Chloe Ibrahim,chloe.ibrahim607@example.org,International Software Engineering Symposium,1st Place Winner,"November 08, 2026",GEN-2026-0607,https://verify.certgen.io/view?id=GEN-2026-0607
Daniel Verma,daniel.verma608@example.org,Full-Stack Cloud Architecture Masterclass,Technical Keynote Presenter,"September 22, 2026",GEN-2026-0608,https://verify.certgen.io/view?id=GEN-2026-0608
Zainab Banerjee,zainab.banerjee609@example.org,Data Science & Analytics Leadership Bootcamp,1st Place Winner,"November 08, 2026",GEN-2026-0609,https://verify.certgen.io/view?id=GEN-2026-0609
William Rodriguez,william.rodriguez610@example.org,Cybersecurity & Threat Intelligence Forum,Distinguished Contributor,"October 15, 2026",GEN-2026-0610,https://verify.certgen.io/view?id=GEN-2026-0610
Archduchess Katherine Jha,archduchess.katherine.jha611@example.org,Full-Stack Cloud Architecture Masterclass,1st Place Winner,"October 15, 2026",GEN-2026-0611,https://verify.certgen.io/view?id=GEN-2026-0611
David Kim,david.kim612@example.org,Full-Stack Cloud Architecture Masterclass,Workshop Mentor,"September 22, 2026",GEN-2026-0612,https://verify.certgen.io/view?id=GEN-2026-0612
Alexander Zhang,alexander.zhang613@example.org,Cybersecurity & Threat Intelligence Forum,Distinguished Contributor,"September 22, 2026",GEN-2026-0613,https://verify.certgen.io/view?id=GEN-2026-0613
Gabriel Jackson,gabriel.jackson614@example.org,Global AI & Machine Learning Summit 2026,Participant,"November 08, 2026",GEN-2026-0614,https://verify.certgen.io/view?id=GEN-2026-0614
Alexander Nakamura,alexander.nakamura615@example.org,International Software Engineering Symposium,Workshop Mentor,"November 08, 2026",GEN-2026-0615,https://verify.certgen.io/view?id=GEN-2026-0615
Amara Johnson,amara.johnson616@example.org,Global AI & Machine Learning Summit 2026,1st Place Winner,"October 15, 2026",GEN-2026-0616,https://verify.certgen.io/view?id=GEN-2026-0616
Fatima Rodriguez,fatima.rodriguez617@example.org,Full-Stack Cloud Architecture Masterclass,Technical Keynote Presenter,"September 22, 2026",GEN-2026-0617,https://verify.certgen.io/view?id=GEN-2026-0617
Daniel Rahman,daniel.rahman618@example.org,Data Science & Analytics Leadership Bootcamp,Honors Graduate,"November 08, 2026",GEN-2026-0618,https://verify.certgen.io/view?id=GEN-2026-0618
Rahul Lee,rahul.lee619@example.org,International Software Engineering Symposium,Distinguished Contributor,"November 08, 2026",GEN-2026-0619,https://verify.certgen.io/view?id=GEN-2026-0619
Archduchess Katherine Lee,archduchess.katherine.lee620@example.org,Full-Stack Cloud Architecture Masterclass,Excellence in Leadership,"September 22, 2026",GEN-2026-0620,https://verify.certgen.io/view?id=GEN-2026-0620
Sophia Rao,sophia.rao621@example.org,Full-Stack Cloud Architecture Masterclass,1st Place Winner,"October 15, 2026",GEN-2026-0621,https://verify.certgen.io/view?id=GEN-2026-0621
Hassan Choudhury,hassan.choudhury622@example.org,International Software Engineering Symposium,Distinguished Contributor,"November 08, 2026",GEN-2026-0622,https://verify.certgen.io/view?id=GEN-2026-0622
Elena Singh,elena.singh623@example.org,Cybersecurity & Threat Intelligence Forum,Distinguished Contributor,"October 15, 2026",GEN-2026-0623,https://verify.certgen.io/view?id=GEN-2026-0623
Amara Malhotra,amara.malhotra624@example.org,Cybersecurity & Threat Intelligence Forum,Technical Keynote Presenter,"November 08, 2026",GEN-2026-0624,https://verify.certgen.io/view?id=GEN-2026-0624
Dr. James Thomas-Pembroke of Oxfordshire III,james.thomaspembroke.of.oxfordshire.iii625@example.org,Cybersecurity & Threat Intelligence Forum,1st Place Winner,"September 22, 2026",GEN-2026-0625,https://verify.certgen.io/view?id=GEN-2026-0625
Jack Martinez,jack.martinez626@example.org,Full-Stack Cloud Architecture Masterclass,Technical Keynote Presenter,"November 08, 2026",GEN-2026-0626,https://verify.certgen.io/view?id=GEN-2026-0626
Mohammed Johnson,mohammed.johnson627@example.org,Full-Stack Cloud Architecture Masterclass,Excellence in Leadership,"November 08, 2026",GEN-2026-0627,https://verify.certgen.io/view?id=GEN-2026-0627
David Zhang,david.zhang628@example.org,Cybersecurity & Threat Intelligence Forum,Participant,"November 08, 2026",GEN-2026-0628,https://verify.certgen.io/view?id=GEN-2026-0628
Lucas Mishra,lucas.mishra629@example.org,International Software Engineering Symposium,Distinguished Contributor,"September 22, 2026",GEN-2026-0629,https://verify.certgen.io/view?id=GEN-2026-0629
Kavya Johnson,kavya.johnson630@example.org,Data Science & Analytics Leadership Bootcamp,Honors Graduate,"October 15, 2026",GEN-2026-0630,https://verify.certgen.io/view?id=GEN-2026-0630
Shreya Deshmukh,shreya.deshmukh631@example.org,Cybersecurity & Threat Intelligence Forum,Technical Keynote Presenter,"October 15, 2026",GEN-2026-0631,https://verify.certgen.io/view?id=GEN-2026-0631
Benjamin Rodriguez,benjamin.rodriguez632@example.org,Full-Stack Cloud Architecture Masterclass,Participant,"October 15, 2026",GEN-2026-0632,https://verify.certgen.io/view?id=GEN-2026-0632
Kavya Taylor,kavya.taylor633@example.org,International Software Engineering Symposium,Distinguished Contributor,"September 22, 2026",GEN-2026-0633,https://verify.certgen.io/view?id=GEN-2026-0633
Ananya Ivanov,ananya.ivanov634@example.org,International Software Engineering Symposium,Workshop Mentor,"November 08, 2026",GEN-2026-0634,https://verify.certgen.io/view?id=GEN-2026-0634
Priya Jackson,priya.jackson635@example.org,Cybersecurity & Threat Intelligence Forum,Honors Graduate,"October 15, 2026",GEN-2026-0635,https://verify.certgen.io/view?id=GEN-2026-0635
Jack Anderson,jack.anderson636@example.org,Full-Stack Cloud Architecture Masterclass,Honors Graduate,"November 08, 2026",GEN-2026-0636,https://verify.certgen.io/view?id=GEN-2026-0636
Chloe Wang,chloe.wang637@example.org,Cybersecurity & Threat Intelligence Forum,Honors Graduate,"November 08, 2026",GEN-2026-0637,https://verify.certgen.io/view?id=GEN-2026-0637
Samantha Vargas,samantha.vargas638@example.org,Full-Stack Cloud Architecture Masterclass,1st Place Winner,"September 22, 2026",GEN-2026-0638,https://verify.certgen.io/view?id=GEN-2026-0638
Priya Lee,priya.lee639@example.org,Data Science & Analytics Leadership Bootcamp,1st Place Winner,"October 15, 2026",GEN-2026-0639,https://verify.certgen.io/view?id=GEN-2026-0639
Olivia Smith,olivia.smith640@example.org,Data Science & Analytics Leadership Bootcamp,Excellence in Leadership,"October 15, 2026",GEN-2026-0640,https://verify.certgen.io/view?id=GEN-2026-0640
John Rahman,john.rahman641@example.org,Cybersecurity & Threat Intelligence Forum,1st Place Winner,"September 22, 2026",GEN-2026-0641,https://verify.certgen.io/view?id=GEN-2026-0641
Prof. Montgomery Verma,montgomery.verma642@example.org,Cybersecurity & Threat Intelligence Forum,Technical Keynote Presenter,"October 15, 2026",GEN-2026-0642,https://verify.certgen.io/view?id=GEN-2026-0642
Ethan Martin,ethan.martin643@example.org,Data Science & Analytics Leadership Bootcamp,1st Place Winner,"September 22, 2026",GEN-2026-0643,https://verify.certgen.io/view?id=GEN-2026-0643
Rahul Jha,rahul.jha644@example.org,Full-Stack Cloud Architecture Masterclass,Participant,"October 15, 2026",GEN-2026-0644,https://verify.certgen.io/view?id=GEN-2026-0644
Priya Schneider,priya.schneider645@example.org,International Software Engineering Symposium,Workshop Mentor,"October 15, 2026",GEN-2026-0645,https://verify.certgen.io/view?id=GEN-2026-0645
Isabella Gupta,isabella.gupta646@example.org,Full-Stack Cloud Architecture Masterclass,Excellence in Leadership,"September 22, 2026",GEN-2026-0646,https://verify.certgen.io/view?id=GEN-2026-0646
Kavya Sato,kavya.sato647@example.org,Full-Stack Cloud Architecture Masterclass,1st Place Winner,"November 08, 2026",GEN-2026-0647,https://verify.certgen.io/view?id=GEN-2026-0647
Shreya Taylor,shreya.taylor648@example.org,Data Science & Analytics Leadership Bootcamp,Excellence in Leadership,"October 15, 2026",GEN-2026-0648,https://verify.certgen.io/view?id=GEN-2026-0648
William Smith,william.smith649@example.org,Cybersecurity & Threat Intelligence Forum,1st Place Winner,"September 22, 2026",GEN-2026-0649,https://verify.certgen.io/view?id=GEN-2026-0649
Dr. William Yamamoto-Pembroke of Oxfordshire III,william.yamamotopembroke.of.oxfordshire.iii650@example.org,Data Science & Analytics Leadership Bootcamp,Honors Graduate,"September 22, 2026",GEN-2026-0650,https://verify.certgen.io/view?id=GEN-2026-0650
William Rodriguez,william.rodriguez651@example.org,Cybersecurity & Threat Intelligence Forum,Honors Graduate,"November 08, 2026",GEN-2026-0651,https://verify.certgen.io/view?id=GEN-2026-0651
Shreya Choudhury,shreya.choudhury652@example.org,International Software Engineering Symposium,Participant,"September 22, 2026",GEN-2026-0652,https://verify.certgen.io/view?id=GEN-2026-0652
Archduchess Katherine Takahashi,archduchess.katherine.takahashi653@example.org,Global AI & Machine Learning Summit 2026,Technical Keynote Presenter,"September 22, 2026",GEN-2026-0653,https://verify.certgen.io/view?id=GEN-2026-0653
Lucas Garcia,lucas.garcia654@example.org,Full-Stack Cloud Architecture Masterclass,Participant,"November 08, 2026",GEN-2026-0654,https://verify.certgen.io/view?id=GEN-2026-0654
David Anderson,david.anderson655@example.org,Full-Stack Cloud Architecture Masterclass,Distinguished Contributor,"October 15, 2026",GEN-2026-0655,https://verify.certgen.io/view?id=GEN-2026-0655
John Choudhury,john.choudhury656@example.org,International Software Engineering Symposium,Workshop Mentor,"November 08, 2026",GEN-2026-0656,https://verify.certgen.io/view?id=GEN-2026-0656
Samuel Perez,samuel.perez657@example.org,Cybersecurity & Threat Intelligence Forum,Participant,"September 22, 2026",GEN-2026-0657,https://verify.certgen.io/view?id=GEN-2026-0657
Olivia Rossi,olivia.rossi658@example.org,Cybersecurity & Threat Intelligence Forum,Participant,"September 22, 2026",GEN-2026-0658,https://verify.certgen.io/view?id=GEN-2026-0658
Noah Verma,noah.verma659@example.org,Data Science & Analytics Leadership Bootcamp,Distinguished Contributor,"October 15, 2026",GEN-2026-0659,https://verify.certgen.io/view?id=GEN-2026-0659
Aditi Rahman,aditi.rahman660@example.org,Cybersecurity & Threat Intelligence Forum,Technical Keynote Presenter,"September 22, 2026",GEN-2026-0660,https://verify.certgen.io/view?id=GEN-2026-0660
Carlos Dubois,carlos.dubois661@example.org,International Software Engineering Symposium,Honors Graduate,"September 22, 2026",GEN-2026-0661,https://verify.certgen.io/view?id=GEN-2026-0661
Emma Silva,emma.silva662@example.org,International Software Engineering Symposium,Excellence in Leadership,"October 15, 2026",GEN-2026-0662,https://verify.certgen.io/view?id=GEN-2026-0662
Hassan Yamamoto,hassan.yamamoto663@example.org,Cybersecurity & Threat Intelligence Forum,Participant,"October 15, 2026",GEN-2026-0663,https://verify.certgen.io/view?id=GEN-2026-0663
Liam Patel,liam.patel664@example.org,International Software Engineering Symposium,Honors Graduate,"November 08, 2026",GEN-2026-0664,https://verify.certgen.io/view?id=GEN-2026-0664
Fatima Kumar,fatima.kumar665@example.org,Global AI & Machine Learning Summit 2026,Workshop Mentor,"November 08, 2026",GEN-2026-0665,https://verify.certgen.io/view?id=GEN-2026-0665
Zainab Chen,zainab.chen666@example.org,Global AI & Machine Learning Summit 2026,1st Place Winner,"October 15, 2026",GEN-2026-0666,https://verify.certgen.io/view?id=GEN-2026-0666
Kavya Rossi,kavya.rossi667@example.org,Cybersecurity & Threat Intelligence Forum,Participant,"November 08, 2026",GEN-2026-0667,https://verify.certgen.io/view?id=GEN-2026-0667
Aarav Thomas,aarav.thomas668@example.org,Full-Stack Cloud Architecture Masterclass,Participant,"October 15, 2026",GEN-2026-0668,https://verify.certgen.io/view?id=GEN-2026-0668
Maya Smith,maya.smith669@example.org,Data Science & Analytics Leadership Bootcamp,Distinguished Contributor,"September 22, 2026",GEN-2026-0669,https://verify.certgen.io/view?id=GEN-2026-0669
Noah Chen,noah.chen670@example.org,Full-Stack Cloud Architecture Masterclass,Honors Graduate,"November 08, 2026",GEN-2026-0670,https://verify.certgen.io/view?id=GEN-2026-0670
Rahul Perez,rahul.perez671@example.org,Data Science & Analytics Leadership Bootcamp,Participant,"September 22, 2026",GEN-2026-0671,https://verify.certgen.io/view?id=GEN-2026-0671
Tariq Kim,tariq.kim672@example.org,International Software Engineering Symposium,Distinguished Contributor,"November 08, 2026",GEN-2026-0672,https://verify.certgen.io/view?id=GEN-2026-0672
Alexander Ibrahim,alexander.ibrahim673@example.org,Data Science & Analytics Leadership Bootcamp,Participant,"September 22, 2026",GEN-2026-0673,https://verify.certgen.io/view?id=GEN-2026-0673
Rohan Gupta,rohan.gupta674@example.org,Cybersecurity & Threat Intelligence Forum,Participant,"October 15, 2026",GEN-2026-0674,https://verify.certgen.io/view?id=GEN-2026-0674
Dr. Divya Sato-Pembroke of Oxfordshire III,divya.satopembroke.of.oxfordshire.iii675@example.org,Full-Stack Cloud Architecture Masterclass,Distinguished Contributor,"October 15, 2026",GEN-2026-0675,https://verify.certgen.io/view?id=GEN-2026-0675
Tariq Rodriguez,tariq.rodriguez676@example.org,Data Science & Analytics Leadership Bootcamp,1st Place Winner,"November 08, 2026",GEN-2026-0676,https://verify.certgen.io/view?id=GEN-2026-0676
Daniel Yamamoto,daniel.yamamoto677@example.org,Global AI & Machine Learning Summit 2026,Distinguished Contributor,"November 08, 2026",GEN-2026-0677,https://verify.certgen.io/view?id=GEN-2026-0677
Jin Choudhury,jin.choudhury678@example.org,Global AI & Machine Learning Summit 2026,1st Place Winner,"September 22, 2026",GEN-2026-0678,https://verify.certgen.io/view?id=GEN-2026-0678
Ananya Lopez,ananya.lopez679@example.org,International Software Engineering Symposium,Technical Keynote Presenter,"November 08, 2026",GEN-2026-0679,https://verify.certgen.io/view?id=GEN-2026-0679
Samantha Miller,samantha.miller680@example.org,Data Science & Analytics Leadership Bootcamp,Participant,"November 08, 2026",GEN-2026-0680,https://verify.certgen.io/view?id=GEN-2026-0680
Hassan Yamamoto,hassan.yamamoto681@example.org,Cybersecurity & Threat Intelligence Forum,1st Place Winner,"September 22, 2026",GEN-2026-0681,https://verify.certgen.io/view?id=GEN-2026-0681
Jin Rossi,jin.rossi682@example.org,Cybersecurity & Threat Intelligence Forum,1st Place Winner,"September 22, 2026",GEN-2026-0682,https://verify.certgen.io/view?id=GEN-2026-0682
Tariq Schneider,tariq.schneider683@example.org,Cybersecurity & Threat Intelligence Forum,Participant,"November 08, 2026",GEN-2026-0683,https://verify.certgen.io/view?id=GEN-2026-0683
Isabella Zhang,isabella.zhang684@example.org,Full-Stack Cloud Architecture Masterclass,Workshop Mentor,"September 22, 2026",GEN-2026-0684,https://verify.certgen.io/view?id=GEN-2026-0684
Benjamin Kim,benjamin.kim685@example.org,Full-Stack Cloud Architecture Masterclass,1st Place Winner,"November 08, 2026",GEN-2026-0685,https://verify.certgen.io/view?id=GEN-2026-0685
Dr. Alistair Singh,alistair.singh686@example.org,Full-Stack Cloud Architecture Masterclass,Workshop Mentor,"October 15, 2026",GEN-2026-0686,https://verify.certgen.io/view?id=GEN-2026-0686
James Martin,james.martin687@example.org,Global AI & Machine Learning Summit 2026,Participant,"September 22, 2026",GEN-2026-0687,https://verify.certgen.io/view?id=GEN-2026-0687
Jack Nakamura,jack.nakamura688@example.org,Data Science & Analytics Leadership Bootcamp,Technical Keynote Presenter,"October 15, 2026",GEN-2026-0688,https://verify.certgen.io/view?id=GEN-2026-0688
Carlos Garcia,carlos.garcia689@example.org,Global AI & Machine Learning Summit 2026,Honors Graduate,"October 15, 2026",GEN-2026-0689,https://verify.certgen.io/view?id=GEN-2026-0689
Mei Rossi,mei.rossi690@example.org,International Software Engineering Symposium,Distinguished Contributor,"October 15, 2026",GEN-2026-0690,https://verify.certgen.io/view?id=GEN-2026-0690
Carlos Banerjee,carlos.banerjee691@example.org,Global AI & Machine Learning Summit 2026,Excellence in Leadership,"November 08, 2026",GEN-2026-0691,https://verify.certgen.io/view?id=GEN-2026-0691
Benjamin Sharma,benjamin.sharma692@example.org,International Software Engineering Symposium,Technical Keynote Presenter,"October 15, 2026",GEN-2026-0692,https://verify.certgen.io/view?id=GEN-2026-0692
Kavya Anderson,kavya.anderson693@example.org,Data Science & Analytics Leadership Bootcamp,1st Place Winner,"October 15, 2026",GEN-2026-0693,https://verify.certgen.io/view?id=GEN-2026-0693
Zoe Deshmukh,zoe.deshmukh694@example.org,International Software Engineering Symposium,Honors Graduate,"November 08, 2026",GEN-2026-0694,https://verify.certgen.io/view?id=GEN-2026-0694
Noah Hernandez,noah.hernandez695@example.org,Cybersecurity & Threat Intelligence Forum,Honors Graduate,"September 22, 2026",GEN-2026-0695,https://verify.certgen.io/view?id=GEN-2026-0695
Hassan Kumar,hassan.kumar696@example.org,Data Science & Analytics Leadership Bootcamp,1st Place Winner,"September 22, 2026",GEN-2026-0696,https://verify.certgen.io/view?id=GEN-2026-0696
Ananya Hernandez,ananya.hernandez697@example.org,Cybersecurity & Threat Intelligence Forum,Excellence in Leadership,"October 15, 2026",GEN-2026-0697,https://verify.certgen.io/view?id=GEN-2026-0697
Jack Perez,jack.perez698@example.org,Global AI & Machine Learning Summit 2026,Excellence in Leadership,"October 15, 2026",GEN-2026-0698,https://verify.certgen.io/view?id=GEN-2026-0698
Gabriel Verma,gabriel.verma699@example.org,Cybersecurity & Threat Intelligence Forum,Distinguished Contributor,"November 08, 2026",GEN-2026-0699,https://verify.certgen.io/view?id=GEN-2026-0699
Dr. Emma Patel-Pembroke of Oxfordshire III,emma.patelpembroke.of.oxfordshire.iii700@example.org,Global AI & Machine Learning Summit 2026,Honors Graduate,"October 15, 2026",GEN-2026-0700,https://verify.certgen.io/view?id=GEN-2026-0700
